open_time,open,high,low,close,volume,close_time,quote_volume,count,taker_buy_volume,taker_buy_quote_volume,ignore
1664582400000,284.650,285.300,283.570,284.140,36902.66,1664585999999,10495417.22719,19576,17471.27,4969353.33379,0
1664586000000,284.150,284.180,282.840,283.590,23965.55,1664589599999,6795976.01060,14571,10772.79,3054892.25430,0
1664589600000,283.580,284.560,283.280,284.120,24091.06,1664593199999,6841294.08910,13977,11457.28,3253313.87760,0
1664593200000,284.130,284.260,283.120,283.600,20740.37,1664596799999,5881304.50790,13258,10422.70,2955280.97190,0
1664596800000,283.590,283.600,282.570,282.850,23099.33,1664600399999,6537547.83250,12462,10127.07,2866126.24820,0
1664600400000,282.850,282.880,281.720,282.550,33310.05,1664603999999,9401564.02582,15358,16391.42,4625594.45960,0
1664604000000,282.560,282.610,282.040,282.230,16267.02,1664607599999,4591884.14370,10232,8086.54,2282701.07710,0
1664607600000,282.230,282.700,281.840,282.520,16030.61,1664611199999,4525523.56060,9830,8038.08,2269236.36580,0
1664611200000,282.510,282.700,282.090,282.610,16795.11,1664614799999,4743347.51360,10496,6920.49,1954616.34420,0
1664614800000,282.610,282.710,282.010,282.420,14450.35,1664618399999,4081618.42940,10545,7040.00,1988529.06870,0
1664618400000,282.430,283.410,282.410,282.960,20434.41,1664621999999,5782919.58140,13127,10055.92,2845554.62060,0
1664622000000,282.970,283.810,282.010,283.100,34314.86,1664625599999,9706546.56500,18003,15986.28,4521835.43820,0
1664625600000,283.100,283.210,281.950,282.660,23157.38,1664629199999,6541647.55860,12372,12058.71,3406425.85350,0
1664629200000,282.660,283.420,282.080,282.760,24537.20,1664632799999,6940218.45370,13523,12115.90,3427120.42310,0
1664632800000,282.760,283.130,281.860,282.080,18446.67,1664636399999,5212002.94650,11896,8653.75,2445668.78410,0
1664636400000,282.070,282.400,281.100,281.420,24871.95,1664639999999,7008908.88960,16300,12562.65,3540435.05610,0
1664640000000,281.420,281.520,278.740,279.830,74641.20,1664643599999,20900568.52530,35530,34374.27,9625051.70670,0
1664643600000,279.830,279.890,278.240,279.080,46159.10,1664647199999,12878128.75670,24477,22041.54,6149647.55900,0
1664647200000,279.080,283.000,277.600,282.560,87587.16,1664650799999,24518514.24727,38755,40847.18,11435185.09282,0
1664650800000,282.560,284.370,281.520,281.630,89829.85,1664654399999,25415998.53230,38898,43972.45,12439831.53960,0
1664654400000,281.640,282.040,280.480,282.040,38038.27,1664657999999,10694969.79230,19617,20565.36,5781879.23880,0
1664658000000,282.020,283.130,281.940,282.900,23679.19,1664661599999,6690404.91490,14322,11827.12,3341795.09950,0
1664661600000,282.910,283.400,282.510,283.370,21433.62,1664665199999,6065311.56440,14242,10238.28,2897202.66440,0
1664665200000,283.370,283.420,282.240,282.800,20793.74,1664668799999,5880955.51290,11578,9732.97,2752514.48830,0
1664668800000,282.810,283.260,281.760,282.040,25626.10,1664672399999,7240293.25830,13867,12451.15,3518110.87160,0
1664672400000,282.040,282.500,281.840,281.980,18047.64,1664675999999,5090761.85660,10873,9485.00,2675538.23550,0
1664676000000,281.980,283.250,281.900,282.910,18110.40,1664679599999,5119484.48070,10492,9826.19,2777523.92310,0
1664679600000,282.920,283.070,282.060,282.260,20364.89,1664683199999,5752443.77580,10909,9328.27,2634951.53580,0
1664683200000,282.260,282.560,281.660,282.000,20429.91,1664686799999,5762485.57440,11531,9933.08,2801674.72160,0
1664686800000,281.980,282.260,281.500,281.970,18157.61,1664690399999,5118458.15550,11438,8460.63,2384939.64130,0
1664690400000,281.970,282.700,281.560,281.690,24938.70,1664693999999,7036378.75890,14624,11270.77,3180093.42240,0
1664694000000,281.690,281.790,280.750,281.410,33817.26,1664697599999,9510366.06130,16687,15446.95,4344226.46010,0
1664697600000,281.410,281.670,280.760,281.520,20563.32,1664701199999,5782764.12460,10998,9207.87,2589485.63420,0
1664701200000,281.520,281.900,281.260,281.800,15936.86,1664704799999,4488564.99200,10469,7084.96,1995569.05590,0
1664704800000,281.800,282.150,279.240,280.330,89026.27,1664708399999,24959230.98040,35190,42571.88,11934784.12150,0
1664708400000,280.320,283.670,279.830,282.720,80942.13,1664711999999,22842096.98420,32008,42202.00,11907054.31380,0
1664712000000,282.730,283.400,281.800,282.380,42745.91,1664715599999,12075104.41280,19418,19634.29,5546603.16390,0
1664715600000,282.380,283.040,281.800,282.270,29021.01,1664719199999,8196080.31820,14842,14577.61,4117687.20660,0
1664719200000,282.270,282.960,281.330,281.760,30679.21,1664722799999,8655227.99160,16874,15800.46,4458461.76390,0
1664722800000,281.770,282.420,281.410,282.330,21764.94,1664726399999,6133955.31470,12294,12390.21,3492157.32040,0
1664726400000,282.330,283.580,282.110,283.130,46413.57,1664729999999,13131724.90140,19363,26276.61,7434491.50460,0
1664730000000,283.130,283.530,282.340,283.350,27148.02,1664733599999,7680394.80140,13599,13234.14,3744809.35830,0
1664733600000,283.330,284.690,282.530,284.670,46867.21,1664737199999,13299708.38070,21677,27896.04,7917402.20000,0
1664737200000,284.680,287.130,284.510,286.510,93432.49,1664740799999,26732878.81729,41323,53541.58,15319535.25949,0
1664740800000,286.500,287.080,285.200,285.300,44082.29,1664744399999,12620610.91350,19210,21867.35,6261105.17570,0
1664744400000,285.300,285.930,284.260,285.800,38690.68,1664747999999,11027874.36730,20102,21177.55,6036437.88230,0
1664748000000,285.800,287.990,284.960,285.440,77148.11,1664751599999,22095637.15730,32774,41452.58,11875698.47530,0
1664751600000,285.440,285.850,282.900,284.630,94526.43,1664755199999,26857135.35240,38740,49568.24,14085611.88960,0
1664755200000,284.630,286.060,283.000,285.590,74085.53,1664758799999,21095484.96110,31189,37363.15,10638967.82640,0
1664758800000,285.590,287.430,285.580,286.650,65129.76,1664762399999,18675568.60430,25976,34218.96,9810834.62360,0
1664762400000,286.640,287.180,284.720,284.890,60627.37,1664765999999,17352281.31510,23939,26960.17,7716985.67240,0
1664766000000,284.890,285.670,284.810,285.370,33720.08,1664769599999,9616874.31420,17006,19409.84,5535708.36080,0
1664769600000,285.370,285.460,284.250,284.600,36028.28,1664773199999,10256556.45760,19870,20292.38,5776657.36840,0
1664773200000,284.600,286.330,283.950,286.110,50095.07,1664776799999,14268542.38960,22878,24947.59,7106362.98240,0
1664776800000,286.110,287.430,285.320,285.800,58584.62,1664780399999,16778460.56360,25680,30205.40,8651151.75380,0
1664780400000,285.800,286.830,285.120,285.470,59183.03,1664783999999,16919877.85530,23916,27644.08,7904108.10880,0
1664784000000,285.460,285.610,284.270,285.280,42291.72,1664787599999,12055891.88350,19626,21651.62,6172379.01070,0
1664787600000,285.280,285.290,284.370,285.250,28932.85,1664791199999,8243515.78460,14298,16009.93,4561927.96790,0
1664791200000,285.260,285.540,284.700,285.520,39222.81,1664794799999,11183443.29280,17039,18789.19,5357529.95000,0
1664794800000,285.510,286.340,285.030,286.310,36616.56,1664798399999,10458360.49490,16734,17861.15,5102066.68370,0
1664798400000,286.300,286.580,285.230,286.390,39085.11,1664801999999,11173752.18840,18060,16619.60,4751061.61170,0
1664802000000,286.390,286.960,285.010,285.210,65053.12,1664805599999,18611332.18110,28851,27299.43,7809286.88910,0
1664805600000,285.200,288.710,285.200,287.050,124383.17,1664809199999,35706839.54770,44965,66869.04,19198382.51250,0
1664809200000,287.060,288.000,285.930,286.350,63813.80,1664812799999,18310366.84370,25797,27051.88,7762203.85220,0
1664812800000,286.350,287.520,286.190,287.200,49364.60,1664816399999,14162183.98530,21591,27864.35,7994689.56450,0
1664816400000,287.210,288.990,287.120,287.840,67767.41,1664819999999,19521369.94436,28487,30069.53,8663905.62976,0
1664820000000,287.840,288.690,286.810,286.920,42154.11,1664823599999,12129516.65110,19738,17203.36,4950971.64760,0
1664823600000,286.930,287.380,285.540,285.970,48224.38,1664827199999,13809312.96450,22748,23432.32,6710294.79630,0
1664827200000,285.960,287.100,285.600,286.780,40240.60,1664830799999,11520082.56900,19436,19861.69,5685994.38510,0
1664830800000,286.780,286.810,285.500,285.680,19167.60,1664834399999,5485586.16830,13068,8723.47,2496491.61580,0
1664834400000,285.680,286.110,285.250,285.690,23609.37,1664837999999,6744852.13309,14002,10228.72,2922493.66510,0
1664838000000,285.690,287.580,285.510,286.830,41328.33,1664841599999,11847382.33210,20158,19661.64,5636054.57540,0
1664841600000,286.840,287.740,286.000,286.390,38058.19,1664845199999,10914631.31170,20854,18271.76,5241340.58880,0
1664845200000,286.390,287.090,286.300,286.590,16076.27,1664848799999,4609472.17120,11216,6939.19,1989619.95220,0
1664848800000,286.590,287.100,286.360,286.970,15438.55,1664852399999,4426694.40140,10137,8779.51,2517478.45890,0
1664852400000,286.980,287.820,286.770,287.410,23360.90,1664855999999,6713423.62520,12763,12953.72,3722867.99540,0
1664856000000,287.420,287.910,286.600,286.760,22655.84,1664859599999,6506379.54620,13372,9885.48,2839170.09580,0
1664859600000,286.760,286.980,286.410,286.460,25122.19,1664863199999,7202760.26010,15083,11433.28,3278128.51430,0
1664863200000,286.460,288.470,286.090,288.150,56203.05,1664866799999,16170958.71930,25533,28699.91,8257217.31720,0
1664866800000,288.160,291.240,288.160,290.780,137324.71,1664870399999,39789192.00456,55040,82017.24,23765682.70476,0
1664870400000,290.780,292.900,289.410,289.930,114376.36,1664873999999,33314246.35243,57457,55440.66,16153494.71443,0
1664874000000,289.930,291.050,289.250,290.730,33900.09,1664877599999,9840649.52920,19855,18788.90,5455055.85550,0
1664877600000,290.740,292.050,290.500,291.120,35194.58,1664881199999,10251551.45220,19409,17232.81,5019857.07030,0
1664881200000,291.110,291.970,290.500,291.750,28293.13,1664884799999,8237992.45000,15657,13636.56,3970902.92580,0
1664884800000,291.750,292.700,291.240,292.580,54328.20,1664888399999,15863210.95490,26409,27857.21,8135036.52300,0
1664888400000,292.570,296.360,292.290,296.010,133392.10,1664891999999,39255773.14520,57875,77096.37,22692370.31620,0
1664892000000,296.010,297.240,294.670,295.100,96270.88,1664895599999,28484503.68540,44642,49617.46,14682636.47570,0
1664895600000,295.090,295.300,293.450,293.910,64318.49,1664899199999,18924611.67620,26893,33963.66,9992533.04420,0
1664899200000,293.910,295.190,293.330,294.590,45715.37,1664902799999,13452233.62470,22477,24503.02,7211120.69040,0
1664902800000,294.590,294.930,292.510,294.220,44180.25,1664906399999,12970619.13890,24648,23817.76,6993376.63270,0
1664906400000,294.220,296.180,294.140,295.920,33894.54,1664909999999,10006494.46990,19911,18170.67,5364381.33950,0
1664910000000,295.930,296.890,294.770,296.530,38263.20,1664913599999,11323608.45220,21876,19114.13,5657080.95490,0
1664913600000,296.540,298.350,296.280,296.470,97546.22,1664917199999,28991399.17810,38777,50781.34,15094984.03900,0
1664917200000,296.470,297.440,295.510,295.710,30449.01,1664920799999,9027300.46520,18062,15148.84,4491260.34870,0
1664920800000,295.700,296.060,294.200,295.520,57519.63,1664924399999,16966432.09730,25609,25424.65,7500548.96420,0
1664924400000,295.520,296.630,294.840,296.000,35553.03,1664927999999,10516602.42550,18871,19176.84,5672431.98130,0
1664928000000,295.990,296.120,294.930,295.050,31331.64,1664931599999,9262245.79770,19744,13639.68,4032249.26890,0
1664931600000,295.050,295.550,294.680,294.980,20602.81,1664935199999,6080348.38980,13883,10591.20,3125829.64940,0
1664935200000,294.960,295.500,294.190,294.340,23773.63,1664938799999,7006002.40730,15105,9890.24,2914673.20750,0
1664938800000,294.330,295.300,294.010,294.640,20739.44,1664942399999,6110562.26000,14094,11413.69,3363193.32260,0
1664942400000,294.630,295.090,293.850,294.340,23581.50,1664945999999,6941322.37540,14916,12201.71,3591658.39670,0
1664946000000,294.330,295.300,294.120,295.080,19690.43,1664949599999,5805531.42130,13827,10682.30,3149709.39280,0
1664949600000,295.110,295.790,294.820,295.360,23452.78,1664953199999,6923920.29810,14435,13190.00,3894157.08180,0
1664953200000,295.360,295.500,293.580,293.930,30036.21,1664956799999,8850273.59150,17031,13221.25,3896245.37030,0
1664956800000,293.930,294.120,291.460,292.740,78923.14,1664960399999,23086860.05693,38971,42537.66,12442078.75090,0
1664960400000,292.740,292.760,290.750,291.550,63703.26,1664963999999,18575287.13630,29874,29545.97,8615804.10380,0
1664964000000,291.540,292.580,291.260,292.280,34161.96,1664967599999,9971308.28450,20273,17934.47,5234952.61260,0
1664967600000,292.290,292.370,291.000,291.920,33549.46,1664971199999,9786211.75540,19305,16922.75,4936064.23820,0
1664971200000,291.910,292.980,291.270,292.090,36435.41,1664974799999,10648210.23800,21026,19008.29,5555736.87570,0
1664974800000,292.100,292.350,290.130,291.310,77866.98,1664978399999,22661377.36820,35174,39210.36,11410508.00190,0
1664978400000,291.310,291.550,289.190,290.710,83945.48,1664981999999,24365251.00680,36484,39491.57,11463008.92410,0
1664982000000,290.700,293.330,290.580,292.440,63642.71,1664985599999,18583301.87500,30784,33819.59,9875405.89350,0
1664985600000,292.440,294.760,292.340,294.260,74916.80,1664989199999,22002996.07940,39339,38877.78,11419774.32920,0
1664989200000,294.260,294.730,293.000,293.370,37539.22,1664992799999,11031934.13930,22263,17754.90,5217324.46590,0
1664992800000,293.370,294.070,292.990,293.950,23459.02,1664996399999,6888604.11040,15707,11856.12,3481417.14230,0
1664996400000,293.950,294.770,292.870,293.100,34472.09,1664999999999,10130569.10460,19499,17357.37,5101873.86790,0
1665000000000,293.090,293.350,292.060,292.310,25724.07,1665003599999,7527689.29750,15675,11836.02,3463919.54040,0
1665003600000,292.320,293.150,292.270,292.620,16548.98,1665007199999,4843931.35500,11235,9325.38,2729672.48830,0
1665007200000,292.630,293.970,292.200,293.810,22298.29,1665010799999,6536395.85680,13602,10590.51,3103779.86050,0
1665010800000,293.810,294.340,293.380,293.980,17218.28,1665014399999,5058592.72170,11523,8616.28,2531459.03140,0
1665014400000,293.980,296.680,293.660,296.030,82048.65,1665017999999,24240443.39630,34595,42918.51,12681308.98790,0
1665018000000,296.040,297.800,296.040,296.930,63065.60,1665021599999,18737985.53230,27795,32992.91,9802859.33320,0
1665021600000,296.960,297.120,295.830,296.480,33491.52,1665025199999,9927604.72080,16770,15745.35,4667358.21880,0
1665025200000,296.490,296.690,295.870,296.250,17372.40,1665028799999,5148371.61340,11027,8207.27,2432188.98790,0
1665028800000,296.250,296.640,295.500,295.550,29220.66,1665032399999,8653976.64880,14364,14855.95,4400259.09290,0
1665032400000,295.560,296.050,295.180,295.750,32428.65,1665035999999,9585425.93620,15062,18021.33,5326928.43710,0
1665036000000,295.740,295.740,293.690,293.810,38545.09,1665039599999,11365399.87410,19306,15404.79,4541980.91780,0
1665039600000,293.810,295.560,293.750,295.360,31809.46,1665043199999,9370752.90610,16260,17261.14,5084784.41110,0
1665043200000,295.350,295.980,293.520,293.860,49868.72,1665046799999,14691008.51320,21893,25151.24,7408182.53750,0
1665046800000,293.850,294.920,293.670,293.690,25005.65,1665050399999,7357573.76890,14101,13636.45,4012515.05400,0
1665050400000,293.700,294.570,293.550,293.840,22336.43,1665053999999,6566735.13990,12658,11711.90,3443611.23480,0
1665054000000,293.840,295.040,293.600,294.920,32849.06,1665057599999,9670509.67300,16307,17518.77,5157965.59390,0
1665057600000,294.930,295.650,293.570,293.670,51022.95,1665061199999,15040944.75050,24560,22113.93,6520258.28000,0
1665061200000,293.670,295.100,292.730,293.420,85475.12,1665064799999,25099777.70050,35356,41543.80,12199851.28430,0
1665064800000,293.420,294.370,291.760,294.030,87444.04,1665068399999,25615034.41123,38667,44024.51,12898002.93930,0
1665068400000,294.030,294.540,293.270,293.570,35766.66,1665071999999,10510442.44030,19126,17675.08,5194771.32060,0
1665072000000,293.560,293.900,292.930,293.650,26755.22,1665075599999,7850497.08740,17045,13860.21,4066898.26490,0
1665075600000,293.660,294.780,292.750,293.190,36879.11,1665079199999,10828157.59980,18236,17700.08,5198091.77900,0
1665079200000,293.220,293.260,292.240,292.750,23905.09,1665082799999,6999794.42680,15029,10927.01,3199757.20740,0
1665082800000,292.750,293.170,292.400,292.800,17313.56,1665086399999,5070340.67850,12376,8926.75,2614341.50090,0
1665086400000,292.810,293.060,288.000,288.270,196406.49,1665089999999,56843555.27606,71949,93189.55,26961615.82800,0
1665090000000,288.260,288.260,278.000,279.490,455208.02,1665093599999,128843142.04746,168456,197904.83,55998738.48380,0
1665093600000,279.490,286.430,278.730,284.020,572356.53,1665097199999,162098363.08171,189237,299871.28,84946340.70571,0
1665097200000,284.020,287.260,282.340,286.760,250278.90,1665100799999,71254703.91510,84209,128973.25,36732150.38100,0
1665100800000,286.770,286.770,284.810,285.650,135495.26,1665104399999,38720121.42980,48550,61879.68,17683776.98460,0
1665104400000,285.650,285.800,283.330,284.040,100404.13,1665107999999,28555456.40280,37508,49499.91,14079213.68080,0
1665108000000,284.030,286.320,283.720,285.920,81923.80,1665111599999,23369674.80250,33978,45107.70,12867586.51400,0
1665111600000,285.910,285.960,283.870,284.040,50973.68,1665115199999,14515840.10300,23823,22683.18,6459471.38060,0
1665115200000,284.040,284.880,282.720,282.810,66297.88,1665118799999,18830567.20770,28317,29408.98,8355584.82650,0
1665118800000,282.810,284.580,282.100,284.000,95739.64,1665122399999,27130036.65440,37933,47042.80,13332910.17480,0
1665122400000,284.000,284.860,283.080,283.780,72708.75,1665125999999,20639242.82910,31718,39383.36,11179996.19820,0
1665126000000,283.790,285.710,283.680,284.560,78484.37,1665129599999,22360509.11020,33627,39696.80,11309895.28200,0
1665129600000,284.570,286.000,284.230,284.900,87298.70,1665133199999,24901362.16720,33236,49275.94,14056748.74990,0
1665133200000,284.900,285.420,284.150,284.540,45865.01,1665136799999,13059005.01090,22522,23609.88,6722906.06020,0
1665136800000,284.550,284.750,283.170,284.030,57209.40,1665140399999,16242063.17730,27059,29202.14,8290388.25950,0
1665140400000,284.030,284.700,283.770,284.180,46501.49,1665143999999,13219886.90370,21055,26329.93,7485588.38600,0
1665144000000,284.170,284.980,279.200,281.340,271976.86,1665147599999,76715676.88682,104493,129285.25,36476926.36710,0
1665147600000,281.340,283.380,280.900,281.850,128890.82,1665151199999,36365864.68620,49882,65196.73,18395895.73270,0
1665151200000,281.860,284.200,281.770,283.580,76028.99,1665154799999,21538512.65890,35075,41064.87,11632785.20330,0
1665154800000,283.590,283.780,282.220,282.690,52721.98,1665158399999,14918384.72070,24456,26281.36,7436691.77370,0
1665158400000,282.690,282.960,280.330,281.320,75364.30,1665161999999,21207520.49280,35845,35589.27,10015932.35230,0
1665162000000,281.320,282.410,281.080,281.920,37288.73,1665165599999,10510102.36090,19417,20019.80,5642673.81180,0
1665165600000,281.930,282.990,280.800,282.940,60190.42,1665169199999,16978552.81360,25986,30730.66,8670685.23920,0
1665169200000,282.940,283.150,282.500,282.730,32189.42,1665172799999,9104337.13760,17922,16089.73,4551098.45230,0
1665172800000,282.720,283.610,282.100,283.450,46512.62,1665176399999,13165338.53940,20545,25279.00,7155649.13730,0
1665176400000,283.440,283.550,282.510,282.710,23594.34,1665179999999,6678608.70960,14531,10359.83,2932661.70740,0
1665180000000,282.710,283.010,282.210,282.440,16799.80,1665183599999,4748781.87990,11285,8004.89,2262656.65570,0
1665183600000,282.430,283.270,282.000,282.160,38767.35,1665187199999,10955849.44880,16376,17545.76,4958489.53460,0
1665187200000,282.150,282.590,281.040,281.920,68795.24,1665190799999,19388029.27380,27790,31108.88,8766957.47860,0
1665190800000,281.910,282.330,281.460,282.320,18379.17,1665194399999,5180516.60570,10941,9541.79,2689613.32190,0
1665194400000,282.330,282.330,280.440,281.090,31513.32,1665197999999,8861368.18430,15181,13942.57,3920303.59540,0
1665198000000,281.090,281.140,280.700,280.940,19547.22,1665201599999,5491690.57360,10871,10529.42,2958253.77720,0
1665201600000,280.950,281.430,280.620,281.070,21508.21,1665205199999,6044422.76730,11589,9801.89,2754717.77190,0
1665205200000,281.070,281.800,280.840,281.770,17762.21,1665208799999,4997950.20100,11171,9158.90,2577039.92250,0
1665208800000,281.760,281.970,281.150,281.780,21696.80,1665212399999,6109423.15580,11694,11556.28,3254283.03870,0
1665212400000,281.770,281.770,280.670,281.230,28678.71,1665215999999,8061693.80960,14440,15349.28,4314782.01030,0
1665216000000,281.230,281.310,280.260,280.660,24945.10,1665219599999,7004672.16010,13459,10694.75,3003523.49580,0
1665219600000,280.660,281.450,280.590,280.850,23907.66,1665223199999,6718958.53760,12585,11975.16,3365688.11390,0
1665223200000,280.850,281.580,280.770,281.250,17353.52,1665226799999,4879164.76280,10316,9314.72,2619178.23000,0
1665226800000,281.250,281.710,280.920,281.570,19046.31,1665230399999,5358246.08080,11057,11533.31,3244828.63030,0
1665230400000,281.580,281.670,280.720,281.190,25411.12,1665233999999,7142439.92710,13438,13096.65,3681149.25520,0
1665234000000,281.190,281.370,280.270,280.760,30774.35,1665237599999,8640600.84540,14369,14907.97,4186261.16420,0
1665237600000,280.770,281.250,280.130,280.670,36570.03,1665241199999,10262773.70930,17107,16770.18,4707025.96180,0
1665241200000,280.680,280.880,280.220,280.780,18987.68,1665244799999,5327409.55500,11104,10448.72,2931858.25930,0
1665244800000,280.770,282.300,280.510,282.210,41133.86,1665248399999,11580560.89620,17865,24530.15,6906570.89660,0
1665248400000,282.210,282.270,281.410,282.060,25651.79,1665251999999,7229421.79200,13077,12372.67,3486597.97630,0
1665252000000,282.060,282.120,281.140,281.500,17374.66,1665255599999,4892570.35000,9988,9835.26,2769269.10520,0
1665255600000,281.500,281.500,280.500,280.590,22825.61,1665259199999,6409850.41330,11508,10674.21,2997230.79730,0
1665259200000,280.590,280.890,280.140,280.280,27989.57,1665262799999,7852374.07010,12823,13518.54,3792885.75600,0
1665262800000,280.290,280.290,275.640,276.490,176400.33,1665266399999,49017384.17045,65083,67083.84,18641718.31610,0
1665266400000,276.490,276.910,275.270,276.270,72014.83,1665269999999,19884086.31640,29769,36368.15,10042644.90060,0
1665270000000,276.260,276.900,275.720,276.230,40194.62,1665273599999,11105020.27160,18053,18414.09,5087840.56190,0
1665273600000,276.240,277.300,275.850,277.140,39117.25,1665277199999,10824433.68500,19020,20163.71,5580328.46690,0
1665277200000,277.150,277.370,275.920,276.580,40084.53,1665280799999,11087449.39200,16204,17152.62,4744235.56150,0
1665280800000,276.570,276.880,275.930,275.950,22510.86,1665284399999,6220761.43180,11138,10715.67,2961376.21110,0
1665284400000,275.960,276.550,275.020,275.490,32976.27,1665287999999,9094473.49700,15054,14501.27,4000294.25040,0
1665288000000,275.490,276.200,275.060,276.200,27974.54,1665291599999,7708771.72610,12662,15050.44,4147676.99860,0
1665291600000,276.200,276.890,276.060,276.740,26177.91,1665295199999,7239976.56710,14142,12497.36,3456388.90870,0
1665295200000,276.750,277.630,276.700,277.400,26232.17,1665298799999,7268885.96850,15051,13520.77,3746813.78070,0
1665298800000,277.400,277.620,276.740,277.360,22866.20,1665302399999,6337354.79340,12999,9926.28,2751275.60330,0
1665302400000,277.350,277.890,276.800,277.210,31184.65,1665305999999,8648891.11960,14727,14478.41,4015423.01710,0
1665306000000,277.210,277.600,276.920,277.420,14479.49,1665309599999,4013904.90870,9729,6675.46,1850565.26590,0
1665309600000,277.420,278.530,277.170,278.160,45841.87,1665313199999,12738713.19510,19821,25208.17,7005652.71150,0
1665313200000,278.160,278.780,277.760,278.020,30980.76,1665316799999,8621295.09630,15827,14027.62,3903829.51640,0
1665316800000,278.020,278.510,277.550,277.730,27362.79,1665320399999,7607341.80690,13092,12865.63,3577504.67020,0
1665320400000,277.720,278.300,277.390,277.490,21907.79,1665323999999,6086892.88910,10872,10197.49,2833765.47150,0
1665324000000,277.490,278.850,277.400,278.440,29496.25,1665327599999,8206337.48850,13866,16203.55,4507421.28080,0
1665327600000,278.440,279.380,278.370,278.950,42289.69,1665331199999,11796943.42600,16856,21538.89,6008644.41220,0
1665331200000,278.950,279.420,278.400,278.840,30142.59,1665334799999,8406348.30070,14522,15446.46,4308448.82040,0
1665334800000,278.840,279.000,277.830,278.310,20805.79,1665338399999,5794777.00870,10776,7981.34,2223216.84870,0
1665338400000,278.310,278.760,277.690,278.370,28953.53,1665341999999,8055716.18560,13232,13431.06,3736619.70950,0
1665342000000,278.380,278.570,276.590,278.360,50164.45,1665345599999,13928130.76730,20277,24573.60,6823340.12440,0
1665345600000,278.360,278.360,277.540,278.270,16966.56,1665349199999,4715329.79580,9295,6939.96,1928667.53480,0
1665349200000,278.270,278.440,277.610,278.300,14207.86,1665352799999,3950613.33780,9300,7001.01,1947002.96420,0
1665352800000,278.300,278.300,277.010,277.460,31001.09,1665356399999,8604484.71500,14937,13012.19,3611180.21740,0
1665356400000,277.460,278.380,276.840,278.200,22915.33,1665359999999,6362172.84470,13393,11257.68,3125561.06450,0
1665360000000,278.190,278.740,276.820,278.420,45032.75,1665363599999,12509282.16190,22702,21549.21,5987396.68640,0
1665363600000,278.420,279.100,278.420,278.710,29802.83,1665367199999,8309408.42970,14633,16010.58,4464173.89570,0
1665367200000,278.700,278.720,277.860,278.320,17909.95,1665370799999,4982986.40490,10692,9440.80,2626587.16630,0
1665370800000,278.310,278.560,277.660,277.990,17440.03,1665374399999,4850413.76480,9821,8845.24,2460371.62800,0
1665374400000,277.990,278.180,277.570,278.090,14689.24,1665377999999,4081634.23800,8967,6673.90,1854543.93940,0
1665378000000,278.080,278.330,277.110,277.150,26583.48,1665381599999,7378809.75930,12373,12101.15,3358802.21430,0
1665381600000,277.150,277.580,276.290,276.670,44333.48,1665385199999,12272888.99820,18712,20148.18,5576952.73300,0
1665385200000,276.660,277.510,276.400,276.560,23309.84,1665388799999,6456098.36800,12391,11014.79,3051027.09180,0
1665388800000,276.560,276.560,271.550,273.340,190852.87,1665392399999,52193420.31638,72591,81222.18,22207266.59680,0
1665392400000,273.330,274.410,273.210,274.210,50475.58,1665395999999,13826234.77490,23957,22028.19,6033641.57190,0
1665396000000,274.210,274.970,274.210,274.320,37216.46,1665399599999,10220164.35500,17447,17363.93,4768509.47770,0
1665399600000,274.330,275.380,274.180,274.940,30442.83,1665403199999,8369035.99680,16559,13443.92,3695887.05870,0
1665403200000,274.950,276.220,274.320,275.940,43377.00,1665406799999,11940363.15080,19375,21928.89,6037358.18640,0
1665406800000,275.950,276.160,274.250,274.420,58371.39,1665410399999,16058146.99830,23123,26141.62,7190065.92680,0
1665410400000,274.450,275.450,273.680,274.150,59311.86,1665413999999,16285938.06810,23035,26843.56,7370866.63710,0
1665414000000,274.140,275.190,273.790,274.790,35634.19,1665417599999,9784128.40870,16103,16587.50,4554726.24230,0
1665417600000,274.790,275.070,273.040,273.210,54200.11,1665421199999,14847221.68380,23565,23979.64,6569428.57470,0
1665421200000,273.200,275.150,272.880,274.690,43673.92,1665424799999,11966312.07740,20859,22690.46,6216886.71250,0
1665424800000,274.690,274.800,273.870,274.040,27874.53,1665428399999,7648986.26630,12989,14179.11,3890632.05150,0
1665428400000,274.040,274.820,273.700,274.570,19504.25,1665431999999,5348856.02110,11453,10645.07,2919244.47750,0
1665432000000,274.560,275.040,274.340,275.040,14506.09,1665435599999,3985254.11250,8916,6895.55,1894438.10180,0
1665435600000,275.030,275.440,274.670,274.890,19877.05,1665439199999,5466003.87790,10612,8657.09,2380659.33190,0
1665439200000,274.890,274.910,271.600,272.320,73109.21,1665442799999,19931688.53430,32702,31131.92,8485824.77240,0
1665442800000,272.320,273.060,271.140,271.470,45360.90,1665446399999,12344942.00591,19469,18653.10,5078175.90040,0
1665446400000,271.470,271.490,267.000,269.530,189932.46,1665449999999,51103646.34284,74211,85450.23,22984555.87870,0
1665450000000,269.540,269.850,268.260,268.950,45500.04,1665453599999,12244544.31750,21259,21993.75,5919412.38590,0
1665453600000,268.970,270.610,268.080,270.530,43068.16,1665457199999,11605600.52950,19484,22588.75,6088189.49050,0
1665457200000,270.530,270.590,269.740,269.910,25558.74,1665460799999,6904442.61310,12949,10542.07,2847840.15780,0
1665460800000,269.910,270.450,269.550,269.790,22890.68,1665464399999,6176464.27670,11914,10844.56,2926388.46700,0
1665464400000,269.790,270.330,269.320,269.840,27201.41,1665467999999,7338565.90630,12577,14136.12,3813534.60780,0
1665468000000,269.840,271.420,269.570,270.650,47838.11,1665471599999,12947523.74091,20591,22202.34,6008883.82451,0
1665471600000,270.650,271.410,270.200,270.930,31717.80,1665475199999,8591121.53260,15645,15454.65,4185982.61170,0
1665475200000,270.940,271.740,270.890,271.050,33039.32,1665478799999,8960536.16510,15837,16424.42,4454768.85500,0
1665478800000,271.050,271.390,270.510,270.760,30156.63,1665482399999,8170624.11210,14141,12272.11,3325086.60850,0
1665482400000,270.760,271.800,270.580,271.180,30830.16,1665485999999,8362753.59190,16252,16270.25,4413656.19770,0
1665486000000,271.180,272.270,271.110,272.030,24556.90,1665489599999,6667948.27970,12946,12385.01,3363115.42750,0
1665489600000,272.040,273.860,271.820,272.270,79117.76,1665493199999,21591248.88750,32080,37937.55,10352519.20100,0
1665493200000,272.260,272.710,270.810,270.900,74828.37,1665496799999,20351221.89010,31479,36651.85,9970789.00590,0
1665496800000,270.900,272.320,269.580,271.710,84533.62,1665500399999,22912280.13880,38856,42754.24,11589740.35160,0
1665500400000,271.710,273.590,271.710,273.000,48681.57,1665503999999,13278768.00040,23579,23863.65,6509471.93200,0
1665504000000,273.000,273.680,272.550,273.370,38617.17,1665507599999,10546116.36790,20384,19274.78,5264726.53880,0
1665507600000,273.360,273.450,272.640,272.820,23520.00,1665511199999,6420869.31930,13282,11063.75,3020488.40610,0
1665511200000,272.810,272.970,270.070,270.310,45697.99,1665514799999,12405233.36890,23406,20125.34,5463334.02000,0
1665514800000,270.310,270.740,269.100,270.130,55532.19,1665518399999,14997755.64270,23267,28372.22,7663177.64000,0
1665518400000,270.120,271.120,269.900,270.480,21177.08,1665521999999,5730952.62020,11150,10298.54,2786851.49380,0
1665522000000,270.490,270.870,270.140,270.200,15622.77,1665525599999,4226675.14490,9362,7288.75,1972126.90420,0
1665525600000,270.210,271.120,269.860,270.930,21814.07,1665529199999,5901357.58360,14503,10795.16,2920749.71310,0
1665529200000,270.920,271.600,270.220,271.400,29663.90,1665532799999,8038083.46660,16262,16536.85,4481092.88850,0
1665532800000,271.390,272.760,271.200,272.700,39707.76,1665536399999,10801097.93280,21069,20360.15,5538404.78970,0
1665536400000,272.700,272.880,271.520,271.900,25611.70,1665539999999,6968411.71770,13622,12805.24,3484294.60000,0
1665540000000,271.900,272.000,271.250,271.770,18369.17,1665543599999,4989399.10830,10623,9577.54,2601499.33860,0
1665543600000,271.770,271.990,271.000,271.200,23701.58,1665547199999,6435084.34490,11342,11205.84,3042493.42190,0
1665547200000,271.190,272.640,271.130,272.360,29004.56,1665550799999,7893061.24310,14079,15589.94,4242326.13770,0
1665550800000,272.350,272.440,271.430,272.000,19430.42,1665554399999,5282918.30690,11599,9244.37,2513433.19340,0
1665554400000,272.000,272.860,271.740,272.360,34188.28,1665557999999,9312956.27220,19206,15847.54,4316767.53250,0
1665558000000,272.360,272.590,271.120,271.310,34756.09,1665561599999,9442392.53260,17774,15182.08,4124996.80340,0
1665561600000,271.310,272.430,271.200,272.070,30055.81,1665565199999,8168915.85740,14682,16425.56,4464004.59090,0
1665565200000,272.070,272.800,272.030,272.170,27598.29,1665568799999,7516654.37290,14375,14015.28,3817326.14740,0
1665568800000,272.180,272.300,271.590,271.930,23877.69,1665572399999,6491515.96990,13399,11587.68,3150105.23000,0
1665572400000,271.920,272.070,271.120,271.120,24388.00,1665575999999,6624532.45060,13101,10456.74,2840687.56820,0
1665576000000,271.120,271.850,269.810,270.340,77804.16,1665579599999,21066128.67410,31295,40116.14,10863228.31500,0
1665579600000,270.350,271.200,269.600,270.770,54048.58,1665583199999,14614314.00980,23508,28884.64,7810403.02500,0
1665583200000,270.760,270.940,270.020,270.640,31982.26,1665586799999,8648255.80800,15532,15727.11,4252908.64260,0
1665586800000,270.640,271.100,270.240,270.960,20482.80,1665590399999,5546036.86060,11694,8654.36,2343581.28380,0
1665590400000,270.960,271.270,269.630,269.720,32755.69,1665593999999,8850790.35500,16060,13849.09,3742548.38570,0
1665594000000,269.720,270.630,269.180,269.780,57404.90,1665597599999,15489838.91840,20517,28681.28,7740698.33100,0
1665597600000,269.820,271.250,269.380,270.600,50432.11,1665601199999,13645089.67500,21099,24658.36,6671342.26910,0
1665601200000,270.610,271.380,270.490,270.950,20977.00,1665604799999,5681996.33250,11129,10895.66,2951289.36700,0
1665604800000,270.950,271.320,270.760,271.300,17794.19,1665608399999,4822654.12740,8383,9143.62,2478350.18220,0
1665608400000,271.310,271.880,270.830,271.160,22605.32,1665611999999,6136144.16980,11245,10962.58,2975950.24320,0
1665612000000,271.160,271.580,270.650,270.680,18799.34,1665615599999,5098943.83600,9229,9068.20,2459907.79620,0
1665615600000,270.680,271.190,270.660,270.800,14806.66,1665619199999,4011520.85490,7368,6711.16,1818216.97350,0
1665619200000,270.800,271.820,270.600,271.760,24575.98,1665622799999,6667595.08810,11843,13413.83,3639117.61460,0
1665622800000,271.760,272.240,270.120,270.340,39324.35,1665626399999,10661299.27860,16593,19065.12,5169247.61430,0
1665626400000,270.340,270.410,267.910,269.820,86356.69,1665629999999,23236057.92320,33002,38510.78,10362109.43460,0
1665630000000,269.820,270.280,269.560,269.600,21053.84,1665633599999,5683319.05520,12630,10669.36,2880309.94880,0
1665633600000,269.600,269.630,268.680,269.280,25269.81,1665637199999,6803364.14340,14476,11927.36,3211327.96590,0
1665637200000,269.280,269.900,268.460,269.160,28863.11,1665640799999,7769017.63750,15248,12492.03,3362332.34970,0
1665640800000,269.160,269.240,265.580,266.170,124295.97,1665644399999,33195436.71554,46602,54243.21,14483784.52780,0
1665644400000,266.170,266.170,261.930,264.120,188472.89,1665647999999,49773293.94327,65764,84366.20,22277486.81030,0
1665648000000,264.120,266.170,262.890,265.030,101975.56,1665651599999,26988025.96020,37214,49325.78,13056175.23310,0
1665651600000,265.030,265.910,264.450,264.960,50091.17,1665655199999,13292244.86330,21201,23806.89,6318199.92930,0
1665655200000,264.970,265.110,257.010,261.840,232310.69,1665658799999,60591332.57993,81116,102904.93,26839976.15690,0
1665658800000,261.840,263.670,261.220,262.220,73960.53,1665662399999,19411928.53460,31690,35921.11,9428794.96680,0
1665662400000,262.230,264.500,255.000,260.830,265410.03,1665665999999,68877899.13950,121521,125522.38,32591157.22607,0
1665666000000,260.810,261.800,257.550,261.750,130507.88,1665669599999,33882309.08710,49320,62880.79,16320117.36840,0
1665669600000,261.740,263.240,261.100,261.910,80306.30,1665673199999,21054193.61080,33915,36326.68,9524531.15260,0
1665673200000,261.890,267.590,261.650,266.670,168219.29,1665676799999,44670256.97677,65994,85683.71,22749554.85887,0
1665676800000,266.680,269.700,266.440,268.760,107766.71,1665680399999,28871426.86624,44288,54940.35,14721054.72604,0
1665680400000,268.760,269.620,268.280,269.320,60959.91,1665683999999,16400630.04760,26146,29548.40,7950484.01360,0
1665684000000,269.320,272.690,269.010,271.930,84320.51,1665687599999,22833745.00481,35282,44869.48,12154655.28801,0
1665687600000,271.920,273.660,271.110,271.510,80008.60,1665691199999,21783237.94260,32401,36925.89,10055186.96890,0
1665691200000,271.500,272.790,271.410,271.920,45555.72,1665694799999,12396012.73790,18742,23324.23,6346971.83250,0
1665694800000,271.920,273.230,271.800,272.910,25035.56,1665698399999,6824460.85400,14254,11753.09,3203448.62570,0
1665698400000,272.920,273.540,272.590,272.920,27384.00,1665701999999,7478863.26160,14550,14535.73,3969945.10160,0
1665702000000,272.930,273.020,271.000,271.400,44298.23,1665705599999,12039821.40990,17782,18941.00,5147556.04400,0
1665705600000,271.390,272.850,271.200,272.830,46945.45,1665709199999,12766939.30420,20638,25405.44,6909238.08660,0
1665709200000,272.840,276.640,272.700,275.750,114018.01,1665712799999,31363902.65798,43614,59748.64,16431697.65228,0
1665712800000,275.760,276.070,274.710,275.240,57804.55,1665716399999,15912691.42850,26103,25796.99,7101078.84980,0
1665716400000,275.250,276.650,274.720,274.940,45889.51,1665719999999,12645553.36640,20635,23080.82,6361155.04270,0
1665720000000,274.950,275.200,274.540,274.700,29491.89,1665723599999,8105470.44300,14642,14268.70,3921681.45640,0
1665723600000,274.700,275.290,274.110,274.830,33077.30,1665727199999,9085455.77900,16176,15182.94,4170717.94630,0
1665727200000,274.840,275.270,274.460,274.750,25241.47,1665730799999,6937454.67590,13675,11515.98,3165123.19890,0
1665730800000,274.750,274.970,272.230,273.510,77317.69,1665734399999,21150461.89620,29059,33692.92,9216672.35550,0
1665734400000,273.510,274.250,273.000,273.520,41137.78,1665737999999,11254851.61470,18154,21137.96,5783937.35950,0
1665738000000,273.530,274.510,272.770,274.430,28496.41,1665741599999,7796908.38930,14207,15623.04,4275740.33150,0
1665741600000,274.430,274.950,273.610,274.320,42669.10,1665745199999,11706075.62630,18677,21586.38,5923041.10660,0
1665745200000,274.320,274.770,273.140,273.160,31225.46,1665748799999,8553657.55890,18319,13779.71,3775233.53110,0
1665748800000,273.150,275.350,272.500,274.790,63158.06,1665752399999,17303191.99210,27429,32224.56,8829641.82530,0
1665752400000,274.790,275.220,273.330,273.640,65313.01,1665755999999,17917581.11610,25595,31893.66,8750457.15360,0
1665756000000,273.630,273.630,270.450,272.180,129936.63,1665759599999,35316508.28201,49370,65100.97,17693906.47250,0
1665759600000,272.180,272.390,270.660,271.170,48742.91,1665763199999,13226604.40100,22362,22880.88,6208884.47590,0
1665763200000,271.170,271.430,268.740,269.980,75956.97,1665766799999,20512815.02400,31512,35386.14,9557209.01810,0
1665766800000,269.980,270.390,269.520,270.120,26968.99,1665770399999,7281857.48930,14563,12869.21,3475032.91170,0
1665770400000,270.130,270.130,268.170,269.030,40591.42,1665773999999,10915548.23600,21711,18185.54,4889961.92510,0
1665774000000,269.030,270.410,268.820,269.760,28241.42,1665777599999,7613244.54280,17961,14902.08,4017098.27680,0
1665777600000,269.760,270.230,269.070,269.570,16964.62,1665781199999,4576214.61550,10675,8685.19,2342783.91770,0
1665781200000,269.560,269.850,267.390,268.250,27599.92,1665784799999,7416299.38364,15259,10824.78,2909729.87170,0
1665784800000,268.240,269.090,267.890,269.030,21137.58,1665788399999,5675764.50190,11950,10699.08,2873100.78990,0
1665788400000,269.030,269.460,268.660,269.300,17675.54,1665791999999,4755956.51620,10582,8257.90,2221981.32610,0
1665792000000,269.300,269.970,269.240,269.900,22790.89,1665795599999,6146012.76060,13325,11537.56,3111339.68780,0
1665795600000,269.900,269.900,269.180,269.270,12731.61,1665799199999,3431589.24490,8960,5259.88,1417623.01350,0
1665799200000,269.280,270.020,268.670,269.980,17773.86,1665802799999,4787991.48670,10592,8965.09,2415495.03450,0
1665802800000,269.980,270.680,269.680,270.470,17594.65,1665806399999,4753084.28320,10276,9806.51,2649590.23330,0
1665806400000,270.470,270.720,270.070,270.290,12923.57,1665809999999,3493451.85390,8508,5875.42,1588344.05190,0
1665810000000,270.290,270.420,269.860,270.280,15189.54,1665813599999,4104125.26200,8650,7107.97,1920599.07700,0
1665813600000,270.290,270.610,269.680,269.680,15681.66,1665817199999,4237620.11450,9612,6835.00,1847362.90390,0
1665817200000,269.690,270.720,269.680,270.570,17983.26,1665820799999,4861509.81370,9567,8650.48,2338221.20300,0
1665820800000,270.570,270.670,268.600,269.070,40107.20,1665824399999,10810582.00470,16766,16766.52,4518908.78930,0
1665824400000,269.070,269.840,268.930,269.690,21042.77,1665827999999,5668961.74910,12929,10774.98,2902836.25840,0
1665828000000,269.690,270.550,269.460,270.350,21643.35,1665831599999,5846742.40090,12757,11049.83,2985023.12620,0
1665831600000,270.350,271.100,270.070,270.890,22795.27,1665835199999,6167936.63780,13424,12624.58,3416329.36440,0
1665835200000,270.890,271.320,270.370,270.380,24660.06,1665838799999,6680681.63111,13990,11325.91,3068533.38581,0
1665838800000,270.380,270.870,269.580,270.640,30224.52,1665842399999,8162147.60650,16349,14932.56,4032669.43050,0
1665842400000,270.650,271.150,270.310,270.730,21864.62,1665845999999,5919348.82500,12027,11691.32,3164943.08680,0
1665846000000,270.730,271.160,270.500,271.000,19558.64,1665849599999,5296880.37170,11840,10028.43,2716001.85850,0
1665849600000,271.000,271.170,269.890,270.160,29432.20,1665853199999,7963415.30070,13458,12095.71,3273458.29590,0
1665853200000,270.170,270.210,269.290,269.460,22124.09,1665856799999,5968169.68770,13002,11436.36,3085326.74770,0
1665856800000,269.450,269.820,269.340,269.670,14609.01,1665860399999,3938354.85570,8983,7650.36,2062430.89190,0
1665860400000,269.680,270.040,269.340,269.860,13063.61,1665863999999,3524413.65070,9084,6517.87,1758509.56330,0
1665864000000,269.860,269.870,269.200,269.810,10197.00,1665867599999,2748754.96620,8466,4627.22,1247318.55600,0
1665867600000,269.820,269.820,268.110,268.200,23906.50,1665871199999,6426354.69520,13693,9955.16,2676347.08060,0
1665871200000,268.190,268.940,268.040,268.320,16067.85,1665874799999,4313202.56960,10368,8700.12,2335393.19180,0
1665874800000,268.320,269.110,267.180,267.960,45669.66,1665878399999,12244097.19354,22851,21000.30,5631133.59970,0
1665878400000,267.960,269.280,267.720,269.150,27355.30,1665881999999,7347373.04720,16292,13285.31,3568718.48700,0
1665882000000,269.150,269.820,268.860,269.610,22447.82,1665885599999,6046524.11280,11791,10521.18,2833885.10820,0
1665885600000,269.620,269.820,269.320,269.420,13231.01,1665889199999,3566898.82560,8649,5403.40,1456571.73490,0
1665889200000,269.420,269.830,269.200,269.390,12410.48,1665892799999,3344416.43980,8375,4959.34,1336541.63470,0
1665892800000,269.400,269.960,269.270,269.590,14183.80,1665896399999,3823886.38910,9581,6602.00,1779902.02840,0
1665896400000,269.580,270.180,269.580,269.990,15442.41,1665899999999,4167924.35330,9555,7678.84,2072626.59010,0
1665900000000,269.990,270.090,269.390,269.850,12547.31,1665903599999,3384420.91480,8106,5118.51,1380734.68900,0
1665903600000,269.840,270.190,269.500,269.790,13556.49,1665907199999,3658400.56000,8046,6424.54,1733987.31710,0
1665907200000,269.800,270.890,269.790,270.670,31034.81,1665910799999,8394167.93050,13668,17955.65,4856516.69680,0
1665910800000,270.660,270.730,270.030,270.040,15626.43,1665914399999,4225447.65170,9364,7347.72,1986891.87860,0
1665914400000,270.050,270.480,269.160,269.600,26677.74,1665917999999,7198036.43880,12240,12468.72,3364910.49930,0
1665918000000,269.610,270.260,269.520,269.940,18207.05,1665921599999,4913779.89650,10126,10354.50,2794488.59970,0
1665921600000,269.950,270.080,269.330,269.560,15515.45,1665925199999,4185095.86140,9906,7739.23,2087611.14770,0
1665925200000,269.570,270.250,269.560,269.850,18157.33,1665928799999,4899587.22740,9314,8839.70,2385321.22710,0
1665928800000,269.860,270.150,269.220,269.730,27372.62,1665932399999,7381155.49480,12401,11891.31,3206824.24000,0
1665932400000,269.740,270.450,269.710,270.380,20404.75,1665935999999,5510524.73250,10490,9628.98,2600508.93420,0
1665936000000,270.380,271.140,269.870,270.120,43808.22,1665939599999,11852167.89060,19664,20663.43,5590992.36900,0
1665939600000,270.130,270.780,270.040,270.380,17551.29,1665943199999,4746063.54530,10109,6873.83,1858657.15590,0
1665943200000,270.380,270.540,269.880,270.110,16640.52,1665946799999,4496057.99090,10560,6782.42,1832434.40100,0
1665946800000,270.120,273.350,270.100,273.210,73027.36,1665950399999,19876471.63831,28474,40182.19,10935649.09071,0
1665950400000,273.210,273.740,272.350,273.350,48596.92,1665953999999,13271798.53850,21286,25085.47,6851691.79690,0
1665954000000,273.370,273.600,271.030,271.160,36565.88,1665957599999,9965987.87010,18017,16758.54,4568392.79620,0
1665957600000,271.160,273.510,271.030,272.790,40427.75,1665961199999,11022030.23030,20758,20488.21,5585771.69460,0
1665961200000,272.790,272.970,271.860,272.310,19516.66,1665964799999,5316340.53510,12026,9184.43,2501699.08840,0
1665964800000,272.310,272.920,271.230,271.600,31861.23,1665968399999,8665921.76370,16867,15282.75,4157868.41810,0
1665968400000,271.600,271.920,271.000,271.180,15397.13,1665971999999,4181084.08380,10497,8828.98,2397761.70200,0
1665972000000,271.210,271.680,270.920,271.630,14960.72,1665975599999,4059158.27000,9400,7452.91,2022187.11280,0
1665975600000,271.620,271.880,271.350,271.410,16476.53,1665979199999,4475427.30580,9152,8411.13,2284546.78780,0
1665979200000,271.420,271.420,269.510,271.150,39580.69,1665982799999,10708625.75270,19623,18023.15,4876712.25830,0
1665982800000,271.150,271.980,271.040,271.700,24609.99,1665986399999,6680413.95820,13384,12978.73,3523434.01900,0
1665986400000,271.710,272.160,271.090,271.190,24013.06,1665989999999,6524173.85120,15168,11436.79,3107629.89290,0
1665990000000,271.200,272.330,271.020,272.040,24751.59,1665993599999,6724235.24890,13902,12960.48,3520860.70550,0
1665993600000,272.050,272.290,271.060,271.190,23786.53,1665997199999,6460971.01300,13418,9925.63,2695962.13560,0
1665997200000,271.190,272.430,271.070,271.870,28791.40,1666000799999,7826773.54070,14779,16436.99,4468031.06260,0
1666000800000,271.860,273.140,271.820,273.090,35247.97,1666004399999,9603699.63260,18971,17878.22,4871522.89510,0
1666004400000,273.080,274.250,272.830,273.130,52461.38,1666007999999,14347725.44250,24141,24846.58,6796259.95430,0
1666008000000,273.140,273.930,272.660,273.440,61182.23,1666011599999,16725096.81300,20326,31033.53,8484085.05980,0
1666011600000,273.450,274.990,273.450,273.850,59010.19,1666015199999,16183769.81998,26110,31452.60,8627366.36798,0
1666015200000,273.850,274.690,273.050,273.260,41640.55,1666018799999,11404387.10310,20243,17413.49,4769665.09690,0
1666018800000,273.270,274.000,272.860,273.800,31280.22,1666022399999,8550687.11010,15844,15479.59,4232077.16420,0
1666022400000,273.800,275.400,273.770,274.530,58221.47,1666025999999,15992322.54340,27165,32715.79,8986630.97720,0
1666026000000,274.530,275.140,274.340,274.980,24605.24,1666029599999,6759233.80800,14887,13409.45,3683663.11200,0
1666029600000,274.990,275.270,274.330,274.960,21930.49,1666033199999,6026834.95440,13965,10672.15,2932947.58790,0
1666033200000,274.960,275.080,274.360,274.680,19060.19,1666036799999,5236321.06180,11691,9851.02,2706338.36070,0
1666036800000,274.680,275.120,274.610,274.820,20841.74,1666040399999,5729126.27670,12064,10774.28,2961845.20910,0
1666040400000,274.810,275.130,274.540,274.810,13783.14,1666043999999,3788983.63900,9806,7321.92,2012849.98980,0
1666044000000,274.820,275.820,274.660,274.860,32838.86,1666047599999,9040139.57500,17232,17153.36,4722216.29040,0
1666047600000,274.860,275.750,274.800,275.540,18592.90,1666051199999,5119935.70040,11152,9243.02,2545145.38620,0
1666051200000,275.530,275.900,274.570,275.330,39779.33,1666054799999,10946494.00340,17696,21789.60,5996873.03440,0
1666054800000,275.320,275.580,273.850,274.130,31080.07,1666058399999,8534385.12330,14636,14355.76,3942100.12430,0
1666058400000,274.130,274.450,273.720,273.820,24504.36,1666061999999,6716398.87890,11499,11897.16,3261267.06230,0
1666062000000,273.810,275.140,273.750,274.650,21414.39,1666065599999,5877404.03350,12395,11547.88,3169160.23990,0
1666065600000,274.640,275.000,274.190,274.230,20735.87,1666069199999,5694152.18160,10952,8529.24,2342533.42850,0
1666069200000,274.230,274.270,273.790,273.850,23021.63,1666072799999,6308556.01100,10824,10083.78,2763309.84810,0
1666072800000,273.860,275.000,273.760,274.450,29940.26,1666076399999,8213714.85480,12737,16471.98,4518982.50560,0
1666076400000,274.450,274.830,273.900,274.640,24688.44,1666079999999,6773158.44880,11950,10619.93,2913658.42100,0
1666080000000,274.650,274.780,272.390,272.470,49604.91,1666083599999,13575729.19510,20823,21405.20,5859055.05780,0
1666083600000,272.460,273.120,271.780,272.720,54266.80,1666087199999,14776136.44060,22682,28345.77,7717949.20030,0
1666087200000,272.730,273.640,272.620,272.830,22078.95,1666090799999,6030865.53750,12804,9490.65,2592451.44310,0
1666090800000,272.830,273.770,272.770,273.430,15728.77,1666094399999,4298354.23630,9352,7975.75,2179515.34830,0
1666094400000,273.430,274.130,273.340,274.020,28554.83,1666097999999,7817640.66460,13765,12242.88,3351877.21530,0
1666098000000,274.020,274.420,272.500,272.630,44667.22,1666101599999,12221400.11020,19783,19919.36,5450104.78630,0
1666101600000,272.640,273.370,271.240,272.040,65947.65,1666105199999,17948885.55930,26346,31682.34,8625393.88710,0
1666105200000,272.050,272.590,271.030,272.100,43518.45,1666108799999,11829322.88191,21665,22667.55,6161871.23170,0
1666108800000,272.100,272.860,271.420,272.530,31727.44,1666112399999,8640970.48290,15754,16528.83,4501778.49780,0
1666112400000,272.530,273.200,271.930,273.030,23350.77,1666115999999,6367753.19730,11765,12000.41,3272270.19780,0
1666116000000,273.030,273.090,270.160,270.660,54372.63,1666119599999,14749905.07260,22500,26546.59,7200806.83250,0
1666119600000,270.660,272.210,270.120,272.090,45018.35,1666123199999,12203001.01440,18938,27991.79,7587518.69070,0
1666123200000,272.090,273.900,271.710,273.870,47842.74,1666126799999,13056640.57660,18782,24873.80,6789482.17920,0
1666126800000,273.880,273.980,272.550,272.900,24529.48,1666130399999,6699266.78900,11910,11470.86,3132718.44140,0
1666130400000,272.900,273.250,272.440,273.050,13224.40,1666133999999,3608015.63710,8401,6611.90,1803841.08570,0
1666134000000,273.040,273.760,272.810,272.990,15664.35,1666137599999,4280781.28800,9885,7713.39,2107857.74700,0
1666137600000,272.980,273.600,271.070,271.210,38682.44,1666141199999,10536308.17530,17396,17800.16,4850167.21430,0
1666141200000,271.200,272.880,271.160,272.480,22053.95,1666144799999,6001866.00980,11823,13275.74,3612520.73040,0
1666144800000,272.470,272.540,271.650,272.380,17638.17,1666148399999,4798660.48500,9400,9941.10,2704642.02760,0
1666148400000,272.370,272.620,271.990,272.380,10370.92,1666151999999,2824280.45860,6526,4646.78,1265375.90160,0
1666152000000,272.380,272.550,271.970,272.180,13788.26,1666155599999,3753404.05780,7837,7012.58,1908955.70940,0
1666155600000,272.170,272.600,271.300,271.710,18510.51,1666159199999,5032406.86230,10459,9508.06,2584755.18050,0
1666159200000,271.700,272.000,270.330,270.550,32978.91,1666162799999,8941097.41520,14775,14153.78,3837405.72440,0
1666162800000,270.550,271.570,270.490,271.460,22638.67,1666166399999,6137117.02630,11595,11059.24,2997881.58550,0
1666166400000,271.450,271.630,270.500,271.120,20476.35,1666169999999,5547668.98340,10592,10669.07,2890333.64240,0
1666170000000,271.120,272.030,271.050,271.860,23287.37,1666173599999,6324625.70160,12912,11951.73,3245955.85070,0
1666173600000,271.850,271.960,271.000,271.170,16701.85,1666177199999,4535228.01550,9884,7773.02,2110428.20870,0
1666177200000,271.170,271.250,270.200,271.120,28207.49,1666180799999,7633752.43530,13951,13919.32,3766734.11060,0
1666180800000,271.120,271.510,270.670,271.390,27762.37,1666184399999,7527430.74180,13441,14182.66,3845725.26220,0
1666184400000,271.380,272.150,270.490,270.900,37746.77,1666187999999,10239425.92010,17474,18069.51,4902508.04050,0
1666188000000,270.890,272.880,270.580,272.210,43947.07,1666191599999,11957877.30160,19031,19885.49,5411100.67770,0
1666191600000,272.200,273.200,272.040,273.020,31268.92,1666195199999,8525311.34730,16106,16366.82,4462246.28890,0
1666195200000,273.020,273.180,272.130,272.380,27168.26,1666198799999,7409300.81460,13280,11226.48,3062200.63360,0
1666198800000,272.380,272.830,271.830,272.680,26270.53,1666202399999,7153961.16420,12443,12415.24,3380902.33490,0
1666202400000,272.690,273.670,272.270,272.690,32839.29,1666205999999,8966048.82650,14862,16769.72,4579322.13220,0
1666206000000,272.690,273.400,272.380,273.400,23264.14,1666209599999,6349771.37660,13270,12696.79,3465671.51190,0
1666209600000,273.400,273.870,272.400,273.180,28012.16,1666213199999,7651014.56960,14605,13553.29,3702006.88970,0
1666213200000,273.190,273.390,272.620,273.160,11903.94,1666216799999,3250369.73740,8733,5817.40,1588472.43660,0
1666216800000,273.150,273.170,271.000,271.760,45071.42,1666220399999,12254889.86110,20844,20967.39,5700942.34520,0
1666220400000,271.770,272.120,270.910,271.780,30064.53,1666223999999,8161896.66680,14906,13832.06,3755646.82090,0
1666224000000,271.790,272.810,268.460,269.500,90188.97,1666227599999,24394699.72710,35844,37584.58,10172499.59930,0
1666227600000,269.490,270.470,268.780,270.270,38481.71,1666231199999,10383742.94870,17967,19610.29,5291168.01910,0
1666231200000,270.260,270.830,269.970,270.820,20015.34,1666234799999,5414176.29580,11059,9344.50,2527873.21370,0
1666234800000,270.810,270.810,270.140,270.500,16534.10,1666238399999,4472196.47290,9631,8165.47,2208627.85490,0
1666238400000,270.510,272.370,270.250,272.170,47100.31,1666241999999,12795094.26570,19324,26366.18,7162081.00230,0
1666242000000,272.180,272.250,271.270,271.730,24197.85,1666245599999,6575377.33460,13974,11009.76,2991614.26950,0
1666245600000,271.740,271.880,271.160,271.570,16737.04,1666249199999,4543895.56260,9588,8316.78,2257907.41300,0
1666249200000,271.560,271.760,271.040,271.500,15643.23,1666252799999,4246858.36610,9492,8453.58,2295210.54180,0
1666252800000,271.500,271.760,271.250,271.440,15408.64,1666256399999,4183942.46790,9794,6644.20,1804138.35490,0
1666256400000,271.420,272.920,271.290,272.740,25692.34,1666259999999,6992660.23800,13445,13917.73,3788725.60030,0
1666260000000,272.740,272.990,272.060,272.620,31094.43,1666263599999,8474951.46470,15190,15292.72,4168481.63090,0
1666263600000,272.620,272.830,272.450,272.720,15276.14,1666267199999,4165071.73520,9338,7204.61,1964387.94130,0
1666267200000,272.710,273.190,271.510,271.530,38258.03,1666270799999,10421810.10960,18762,17353.83,4728223.90370,0
1666270800000,271.520,272.260,271.170,272.010,30107.30,1666274399999,8178083.36640,14880,15745.06,4276902.99610,0
1666274400000,272.020,273.290,272.000,272.740,41146.61,1666277999999,11221285.89160,17862,21191.68,5779788.33690,0
1666278000000,272.740,272.880,272.050,272.250,15927.33,1666281599999,4339210.28220,10285,7834.90,2134487.83190,0
1666281600000,272.260,272.260,270.540,271.150,41062.26,1666285199999,11143089.72270,18208,18179.70,4933777.84380,0
1666285200000,271.150,271.150,269.690,269.950,41772.03,1666288799999,11294154.62010,18331,17959.81,4856299.25700,0
1666288800000,269.950,269.950,268.000,268.660,95955.24,1666292399999,25787828.99140,36034,44701.62,12013557.13160,0
1666292400000,268.650,269.420,268.350,268.930,35286.36,1666295999999,9487666.96850,16740,16021.43,4307992.84880,0
1666296000000,268.920,269.350,267.100,268.700,42354.23,1666299599999,11360318.71534,20911,15636.80,4195661.42000,0
1666299600000,268.710,269.310,268.370,269.060,16610.50,1666303199999,4468183.85720,10719,7282.23,1958875.18560,0
1666303200000,269.050,269.280,268.240,268.940,20770.29,1666306799999,5582555.53210,11154,9444.24,2538106.05110,0
1666306800000,268.950,269.120,268.300,268.800,23166.01,1666310399999,6227061.67510,11859,10884.26,2925666.49860,0
1666310400000,268.810,268.830,265.180,267.650,116057.26,1666313999999,30963991.98530,40582,46070.26,12293865.02980,0
1666314000000,267.660,268.470,267.300,268.380,24229.12,1666317599999,6490920.28820,13398,12276.55,3289137.61580,0
1666317600000,268.380,269.260,268.250,268.960,24755.24,1666321199999,6654720.33340,12933,11353.68,3052221.51600,0
1666321200000,268.950,269.260,268.090,268.240,18907.84,1666324799999,5082007.71630,9876,8401.99,2258588.37790,0
1666324800000,268.250,268.760,267.800,267.990,19739.21,1666328399999,5293415.95230,10509,8647.51,2318877.76010,0
1666328400000,268.000,268.530,267.740,268.060,14123.09,1666331999999,3786258.63600,8652,6761.98,1812905.46000,0
1666332000000,268.070,268.740,267.070,267.260,24489.26,1666335599999,6557109.46570,13668,10254.49,2745876.25600,0
1666335600000,267.260,268.080,266.540,266.870,34040.43,1666339199999,9095222.04460,16417,16089.83,4298967.14990,0
1666339200000,266.880,267.000,265.200,266.080,54210.87,1666342799999,14424695.32680,24239,26353.81,7012312.89020,0
1666342800000,266.090,267.380,265.300,267.230,36005.62,1666346399999,9594412.78050,19124,18975.60,5057285.83240,0
1666346400000,267.240,267.350,266.330,266.890,25510.40,1666349999999,6805761.35290,12197,12616.87,3365707.43780,0
1666350000000,266.900,266.940,266.050,266.250,22829.64,1666353599999,6086133.74910,12422,11102.95,2959799.00240,0
1666353600000,266.250,266.430,263.090,266.370,114533.79,1666357199999,30345680.39987,45353,53377.22,14142357.18180,0
1666357200000,266.360,269.150,266.180,269.020,102108.94,1666360799999,27296024.94854,40900,55707.36,14895163.68144,0
1666360800000,269.020,269.280,267.090,267.730,77096.85,1666364399999,20690202.40890,29977,34357.46,9221561.03000,0
1666364400000,267.730,269.760,267.270,269.670,44043.96,1666367999999,11828780.13620,20061,21928.31,5890766.40630,0
1666368000000,269.680,271.080,269.000,269.630,80185.24,1666371599999,21646802.15560,32496,38573.71,10414012.21620,0
1666371600000,269.600,270.000,269.170,269.760,24575.32,1666375199999,6624949.84430,12702,11084.41,2988226.04480,0
1666375200000,269.760,270.270,269.160,269.650,24411.96,1666378799999,6583333.91290,13290,12151.81,3277100.70960,0
1666378800000,269.660,271.000,269.650,270.320,26315.64,1666382399999,7116166.85130,14499,14973.44,4049301.84990,0
1666382400000,270.330,270.820,269.600,269.720,24038.08,1666385999999,6492856.50080,11505,12231.54,3303824.52800,0
1666386000000,269.720,269.930,268.770,269.080,22300.46,1666389599999,6005885.38230,9967,11348.80,3056739.95550,0
1666389600000,269.070,269.830,269.070,269.610,16025.60,1666393199999,4317224.65450,10398,9573.00,2579015.27920,0
1666393200000,269.610,269.960,269.480,269.880,9305.88,1666396799999,2509893.17540,8031,5029.76,1356587.18310,0
1666396800000,269.890,270.000,269.150,269.240,19235.18,1666400399999,5183097.84030,9980,8325.76,2243331.82920,0
1666400400000,269.240,269.400,268.690,268.800,14342.83,1666403999999,3857495.52000,8581,7002.97,1883430.90140,0
1666404000000,268.800,268.930,268.240,268.440,19994.04,1666407599999,5368541.89470,10316,10104.46,2713128.12680,0
1666407600000,268.450,268.730,268.120,268.670,12883.76,1666411199999,3458670.07690,9124,6648.00,1784815.21310,0
1666411200000,268.680,268.840,268.570,268.600,7898.77,1666414799999,2122482.43150,6155,3886.80,1044442.72630,0
1666414800000,268.590,268.850,268.330,268.710,9879.58,1666418399999,2654444.24640,6919,4710.99,1265758.67890,0
1666418400000,268.710,269.530,268.600,269.360,16031.34,1666421999999,4314235.26420,8932,9863.51,2654635.65140,0
1666422000000,269.360,269.860,269.200,269.730,15455.35,1666425599999,4165094.60820,9163,8616.95,2322440.57170,0
1666425600000,269.730,269.880,269.290,269.330,14100.39,1666429199999,3802390.41770,8630,6219.93,1677315.32240,0
1666429200000,269.330,269.670,268.920,269.170,13808.01,1666432799999,3718507.47430,8393,5775.19,1555481.77720,0
1666432800000,269.160,269.600,269.140,269.510,10180.56,1666436399999,2742564.11210,7354,4379.65,1179896.65730,0
1666436400000,269.510,269.820,269.240,269.660,14832.51,1666439999999,3998702.78820,10092,6913.94,1863923.05810,0
1666440000000,269.660,269.880,269.180,269.580,19423.05,1666443599999,5235220.94650,11248,10611.14,2860572.45070,0
1666443600000,269.580,270.900,269.580,269.710,32123.45,1666447199999,8678667.63940,16969,18249.20,4930997.33390,0
1666447200000,269.720,270.120,269.530,269.800,17459.21,1666450799999,4711676.16990,11192,8089.21,2183087.39960,0
1666450800000,269.800,269.950,269.080,269.440,19033.89,1666454399999,5128050.81830,11242,10542.65,2840351.65700,0
1666454400000,269.440,269.790,268.840,269.260,17772.61,1666457999999,4785602.23360,11957,8592.08,2313930.01300,0
1666458000000,269.260,269.570,269.210,269.450,10381.34,1666461599999,2796714.89100,6845,4635.24,1248735.42180,0
1666461600000,269.450,269.840,268.780,269.790,20031.61,1666465199999,5396282.18880,11039,10572.30,2848474.91310,0
1666465200000,269.790,269.920,269.540,269.760,9857.72,1666468799999,2659160.50900,6752,4895.16,1320486.04370,0
1666468800000,269.760,270.650,269.750,270.590,19669.10,1666472399999,5315345.29580,10301,11937.55,3225833.10660,0
1666472400000,270.590,271.060,270.000,270.170,21687.77,1666475999999,5867838.38820,11176,12472.20,3375062.27650,0
1666476000000,270.170,270.570,269.890,270.110,11101.78,1666479599999,2999756.78330,8818,5722.48,1546247.94490,0
1666479600000,270.120,270.430,269.950,270.270,8253.11,1666483199999,2229950.34580,7216,4363.17,1178868.23520,0
1666483200000,270.280,270.770,270.020,270.280,15493.92,1666486799999,4190631.84670,9943,7330.54,1982684.21660,0
1666486800000,270.280,270.420,269.490,269.880,15074.95,1666490399999,4067770.06940,8304,6909.35,1864271.84470,0
1666490400000,269.870,270.900,269.870,270.370,18453.84,1666493999999,4991630.79190,11759,8129.64,2198677.81070,0
1666494000000,270.370,270.580,270.000,270.030,10785.85,1666497599999,2915252.79330,7351,3956.55,1069412.64600,0
1666497600000,270.040,270.570,269.680,269.870,12463.30,1666501199999,3367612.27740,7499,5636.30,1522929.34020,0
1666501200000,269.870,269.990,269.600,269.630,12531.14,1666504799999,3380182.90320,7695,5147.59,1388506.79590,0
1666504800000,269.620,269.840,269.220,269.580,15146.78,1666508399999,4082441.32190,9326,6858.15,1848557.73720,0
1666508400000,269.570,269.600,269.310,269.500,8253.02,1666511999999,2223920.77260,6712,3770.83,1016098.81760,0
1666512000000,269.490,270.070,269.400,270.040,12603.98,1666515599999,3399233.06640,7932,7699.32,2076458.06620,0
1666515600000,270.050,270.150,269.680,269.730,9344.24,1666519199999,2521864.63440,7002,4499.66,1214392.37660,0
1666519200000,269.730,269.860,269.310,269.420,8714.90,1666522799999,2349063.96230,7074,3807.03,1026140.97750,0
1666522800000,269.430,269.540,268.420,269.450,33847.17,1666526399999,9105132.82720,15956,14284.06,3842993.26550,0
1666526400000,269.460,269.780,268.440,269.620,23192.15,1666529999999,6245003.40860,11893,10628.14,2862397.54180,0
1666530000000,269.620,270.000,269.400,269.830,11136.34,1666533599999,3003534.30480,7950,5637.94,1520614.78050,0
1666533600000,269.820,270.150,269.670,270.080,15063.98,1666537199999,4066050.52980,8511,7857.12,2120916.73380,0
1666537200000,270.080,270.840,270.080,270.390,28265.54,1666540799999,7645314.73680,14324,16185.53,4377744.07130,0
1666540800000,270.380,270.960,270.380,270.590,24613.25,1666544399999,6662375.36360,12285,11507.87,3115010.21280,0
1666544400000,270.590,273.060,270.560,272.790,72650.67,1666547999999,19750439.84161,29062,43561.41,11842776.67071,0
1666548000000,272.790,273.950,272.790,273.440,67389.96,1666551599999,18435070.46400,29292,33760.58,9235330.67160,0
1666551600000,273.440,273.980,273.430,273.820,21880.11,1666555199999,5988727.75500,11768,12030.03,3292778.72050,0
1666555200000,273.820,274.070,272.650,273.560,30605.42,1666558799999,8367876.07190,16573,15977.50,4369373.72040,0
1666558800000,273.570,275.690,273.370,275.120,81923.98,1666562399999,22503415.24698,28816,52521.26,14427958.83088,0
1666562400000,275.110,276.640,275.110,275.790,74524.73,1666565999999,20569806.43340,30123,39984.43,11037269.90820,0
1666566000000,275.780,276.200,275.620,275.730,28320.55,1666569599999,7813791.62190,14120,13746.06,3792511.42510,0
1666569600000,275.740,277.380,275.590,276.140,53785.87,1666573199999,14863002.76200,22913,29464.36,8143280.42260,0
1666573200000,276.140,276.400,274.770,275.030,35518.15,1666576799999,9786790.86370,17907,15960.96,4398230.13690,0
1666576800000,275.030,275.490,274.760,274.900,23560.64,1666580399999,6481848.11640,11804,11856.51,3261937.34700,0
1666580400000,274.900,275.070,273.740,274.230,39192.10,1666583999999,10755416.28280,17391,18905.38,5187784.22630,0
1666584000000,274.230,274.270,273.160,273.920,29381.86,1666587599999,8040356.78120,14452,13978.01,3824695.07080,0
1666587600000,273.920,273.940,273.220,273.630,13838.74,1666591199999,3786366.26310,9655,7819.62,2139475.02400,0
1666591200000,273.620,274.350,273.060,273.180,25581.53,1666594799999,7002056.36870,12253,12110.37,3315047.97050,0
1666594800000,273.190,273.900,272.620,273.410,30936.49,1666598399999,8451425.99760,16123,15763.04,4306013.36800,0
1666598400000,273.410,274.050,273.010,273.920,15773.50,1666601999999,4314010.29400,10474,7316.94,2001285.30900,0
1666602000000,273.910,274.650,273.440,274.610,24382.59,1666605599999,6680508.81340,12424,13137.00,3599736.62080,0
1666605600000,274.600,274.800,274.010,274.450,26320.89,1666609199999,7224000.54200,13132,12803.40,3514141.27350,0
1666609200000,274.450,274.560,273.980,274.170,21049.91,1666612799999,5774294.01500,10154,10225.50,2805181.19530,0
1666612800000,274.170,274.380,272.510,273.560,43058.95,1666616399999,11771792.24330,18620,22191.13,6067746.57580,0
1666616400000,273.560,273.980,272.620,273.650,48659.67,1666619999999,13301703.03980,19874,23864.62,6523755.12560,0
1666620000000,273.660,273.710,271.380,272.490,66512.59,1666623599999,18103474.96320,28421,31219.31,8497787.65350,0
1666623600000,272.500,273.040,272.000,273.010,22808.36,1666627199999,6214816.24160,12414,11379.08,3100406.75070,0
1666627200000,273.000,273.300,272.580,272.810,21252.84,1666630799999,5800873.01170,11561,8695.91,2373477.77580,0
1666630800000,272.810,273.040,271.950,272.960,17835.61,1666634399999,4860311.95890,10867,7434.14,2026005.12390,0
1666634400000,272.970,273.700,272.890,273.570,20421.49,1666637999999,5582498.69830,11306,11463.57,3133798.08270,0
1666638000000,273.570,274.220,273.100,273.340,21928.89,1666641599999,6002094.35440,11415,11712.78,3205970.03310,0
1666641600000,273.330,273.880,273.000,273.850,13707.56,1666645199999,3747540.60630,7752,7384.29,2018944.60690,0
1666645200000,273.850,274.230,272.800,273.240,23351.38,1666648799999,6384873.99860,10332,10933.78,2990266.14710,0
1666648800000,273.240,273.620,272.530,273.600,15081.72,1666652399999,4119004.90280,8849,7856.27,2145693.59850,0
1666652400000,273.610,274.070,273.010,274.020,17700.02,1666655999999,4841535.45860,9203,9296.91,2542690.30120,0
1666656000000,274.030,274.760,273.570,273.640,37176.81,1666659599999,10195420.54170,17447,18184.64,4986820.42230,0
1666659600000,273.650,274.140,273.080,273.730,25573.04,1666663199999,6996727.82070,13301,11792.62,3226434.49160,0
1666663200000,273.740,273.870,273.360,273.730,11440.54,1666666799999,3130608.68080,7941,5525.67,1512040.80430,0
1666666800000,273.730,274.590,273.730,274.250,21636.42,1666670399999,5934479.95070,11096,11744.81,3221446.66280,0
1666670400000,274.250,274.450,273.620,273.790,15705.70,1666673999999,4303637.68800,8901,8139.79,2230558.23520,0
1666674000000,273.790,274.650,273.530,274.300,18363.54,1666677599999,5033499.36480,10004,10046.65,2754125.96510,0
1666677600000,274.300,274.700,273.700,273.730,22920.37,1666681199999,6287622.79590,12846,12450.12,3415757.04430,0
1666681200000,273.740,273.840,272.860,273.270,20945.43,1666684799999,5723231.35270,11058,9760.71,2667009.74630,0
1666684800000,273.260,273.650,272.530,272.570,23434.53,1666688399999,6400298.35200,11354,9942.43,2715861.66990,0
1666688400000,272.570,272.960,272.160,272.480,22627.50,1666691999999,6167835.10890,10608,11093.84,3023804.28120,0
1666692000000,272.490,273.150,271.780,273.100,24561.68,1666695599999,6691624.48540,13899,11167.32,3042772.83580,0
1666695600000,273.110,273.450,272.810,272.930,17279.16,1666699199999,4718998.87590,9825,8735.65,2385817.32720,0
1666699200000,272.940,273.580,272.560,273.400,18957.65,1666702799999,5176051.83440,12558,9005.66,2458932.80500,0
1666702800000,273.400,275.970,273.240,275.580,83271.35,1666706399999,22879841.60750,33275,44955.42,12352627.34630,0
1666706400000,275.580,278.620,275.580,278.210,138841.18,1666709999999,38488692.09775,52548,79463.14,22030414.79145,0
1666710000000,278.210,282.160,278.170,280.690,169121.17,1666713599999,47361634.81862,58349,91772.42,25703018.87532,0
1666713600000,280.690,283.990,280.680,283.860,141523.54,1666717199999,39970651.60080,50736,75213.98,21242014.35680,0
1666717200000,283.860,287.960,283.820,287.700,257629.12,1666720799999,73692931.40159,81827,133381.75,38151069.56019,0
1666720800000,287.690,289.500,286.900,288.480,180228.01,1666724399999,51947778.37506,56025,90507.12,26090317.40446,0
1666724400000,288.470,289.750,287.900,288.690,86280.60,1666727999999,24916890.63210,29863,42276.25,12210264.17470,0
1666728000000,288.680,288.980,285.400,287.260,123119.10,1666731599999,35295694.31540,45859,64598.31,18516752.34830,0
1666731600000,287.260,287.620,285.900,287.490,38779.00,1666735199999,11113279.38130,20390,21507.79,6164686.51530,0
1666735200000,287.490,287.490,284.570,285.370,42803.24,1666738799999,12232238.57459,21878,20318.52,5807917.89760,0
1666738800000,285.370,285.990,283.140,284.040,79841.00,1666742399999,22705939.11600,27291,34119.99,9708300.05920,0
1666742400000,284.050,285.580,284.040,285.250,45887.28,1666745999999,13066638.39490,23501,24883.68,7085516.35930,0
1666746000000,285.250,286.540,284.140,285.950,39365.66,1666749599999,11238995.41050,18704,21930.09,6261255.37230,0
1666749600000,285.960,286.660,285.240,285.570,26303.89,1666753199999,7520087.37940,15049,13408.92,3833545.28590,0
1666753200000,285.580,286.370,284.810,286.080,25826.64,1666756799999,7376458.95950,16139,13127.99,3749839.66620,0
1666756800000,286.080,286.660,285.090,285.700,27996.11,1666760399999,8008361.83790,13383,14078.98,4027979.98370,0
1666760400000,285.700,285.870,284.910,285.400,18885.27,1666763999999,5388467.60120,11131,6951.87,1983666.66920,0
1666764000000,285.400,286.260,285.060,286.110,38652.14,1666767599999,11044506.34080,16622,20820.48,5949669.49350,0
1666767600000,286.120,287.190,285.670,286.480,54123.13,1666771199999,15507294.81580,22409,27244.30,7806547.92410,0
1666771200000,286.480,289.910,285.880,289.490,117824.84,1666774799999,33972868.76556,41042,61657.00,17778233.00266,0
1666774800000,289.500,290.570,287.900,288.550,66730.60,1666778399999,19289051.75650,27503,32388.23,9363997.36920,0
1666778400000,288.550,289.180,287.800,288.570,30652.43,1666781999999,8842448.60650,16336,14245.26,4109709.82920,0
1666782000000,288.590,289.280,287.780,288.640,39844.42,1666785599999,11504974.84520,17928,18243.90,5268045.46260,0
1666785600000,288.640,288.720,286.590,287.670,57729.74,1666789199999,16603348.57010,24801,26648.80,7664304.43240,0
1666789200000,287.680,288.090,284.820,287.180,91894.82,1666792799999,26338131.54659,36253,45753.90,13113949.18690,0
1666792800000,287.170,290.340,287.170,289.110,135091.03,1666796399999,39032770.92216,50550,69706.83,20140541.27176,0
1666796400000,289.120,290.580,288.660,289.360,53057.71,1666799999999,15362613.48930,24723,25012.30,7243401.37220,0
1666800000000,289.360,290.840,288.010,288.440,78028.13,1666803599999,22585487.23060,30929,38418.86,11123641.12710,0
1666803600000,288.430,290.260,287.890,290.170,42822.04,1666807199999,12378901.64860,20492,22340.55,6459616.42870,0
1666807200000,290.160,290.640,288.900,289.350,28058.07,1666810799999,8132676.90020,15644,13817.96,4005373.65710,0
1666810800000,289.340,290.300,288.710,290.270,28090.16,1666814399999,8129400.83780,14397,15530.11,4494775.93390,0
1666814400000,290.280,291.870,289.490,289.790,65094.49,1666817999999,18920638.53920,25817,33107.12,9623021.99800,0
1666818000000,289.780,290.240,289.520,289.550,13112.92,1666821599999,3801080.93990,10147,6949.26,2014362.22920,0
1666821600000,289.550,291.160,289.430,291.100,32754.40,1666825199999,9512310.85890,16321,18661.99,5419546.24100,0
1666825200000,291.100,291.950,289.820,290.060,36385.76,1666828799999,10581508.68220,16876,17374.07,5054100.29870,0
1666828800000,290.040,291.930,289.250,289.850,50904.22,1666832399999,14789182.95130,21983,26952.44,7833579.55860,0
1666832400000,289.860,290.370,288.780,289.070,25520.85,1666835999999,7387636.67890,14078,12095.92,3502078.14340,0
1666836000000,289.070,290.400,288.380,288.420,34248.78,1666839599999,9917763.26380,16968,18368.12,5320304.59380,0
1666839600000,288.420,290.530,287.730,290.090,38758.63,1666843199999,11216840.10810,17984,19909.80,5763719.70120,0
1666843200000,290.100,291.280,289.570,290.470,27991.84,1666846799999,8129617.14950,13153,16359.02,4752098.69760,0
1666846800000,290.480,293.220,290.320,291.930,73117.12,1666850399999,21354777.77603,29719,42864.98,12518108.53043,0
1666850400000,291.940,292.720,290.790,290.960,42670.11,1666853999999,12448580.49750,20456,19853.34,5792730.76850,0
1666854000000,290.950,291.140,288.900,289.240,58706.95,1666857599999,17018086.54740,23015,26608.58,7713090.16190,0
1666857600000,289.250,290.480,288.820,289.360,38143.45,1666861199999,11048660.80430,18128,18891.45,5471740.94530,0
1666861200000,289.360,289.360,286.800,288.660,96249.49,1666864799999,27716179.08446,32685,44116.88,12705665.11690,0
1666864800000,288.670,288.700,286.870,288.080,53311.45,1666868399999,15340309.26000,21278,23626.18,6798446.76120,0
1666868400000,288.090,289.010,287.330,287.940,37644.20,1666871999999,10850179.37540,18309,19371.61,5584298.84900,0
1666872000000,287.940,289.500,286.070,289.360,131967.76,1666875599999,37978711.52120,47062,66045.17,19011083.24730,0
1666875600000,289.360,289.640,286.140,286.960,76359.62,1666879199999,22000674.74130,32810,34752.33,10012510.22510,0
1666879200000,286.960,289.030,286.660,287.390,56092.76,1666882799999,16159827.91000,24887,28240.74,8135419.67220,0
1666882800000,287.390,288.660,287.170,287.500,38936.30,1666886399999,11205057.25910,18149,19522.01,5618787.10440,0
1666886400000,287.500,288.020,286.540,287.860,35967.55,1666889999999,10334748.42560,17770,14537.90,4177987.95390,0
1666890000000,287.870,288.670,287.510,287.580,28049.43,1666893599999,8081473.15340,13894,15204.69,4381114.59380,0
1666893600000,287.580,287.900,287.160,287.730,19310.40,1666897199999,5552499.71240,11054,9690.18,2786227.52370,0
1666897200000,287.730,289.020,287.660,288.710,32616.99,1666900799999,9411186.77490,16356,15557.07,4489218.24440,0
1666900800000,288.700,288.730,284.420,286.450,135233.46,1666904399999,38702455.36139,50714,62397.53,17860343.26670,0
1666904400000,286.440,286.740,285.610,286.600,19700.07,1666907999999,5634698.67470,13634,9714.72,2778833.21450,0
1666908000000,286.600,287.290,284.700,285.870,35419.34,1666911599999,10132253.52470,19109,16254.76,4651536.28980,0
1666911600000,285.880,287.140,284.860,286.670,33661.12,1666915199999,9634150.91870,17916,18135.32,5190634.03230,0
1666915200000,286.680,287.840,285.520,287.330,49511.49,1666918799999,14210349.33260,23598,23130.27,6638841.13460,0
1666918800000,287.320,287.860,286.700,287.850,24702.72,1666922399999,7097490.31820,13117,12109.20,3479547.79200,0
1666922400000,287.850,288.140,285.830,286.100,56765.09,1666925999999,16281771.41970,23284,27097.05,7774065.67240,0
1666926000000,286.100,287.160,285.930,286.920,21295.26,1666929599999,6105104.72050,12222,11533.43,3306540.06050,0
1666929600000,286.920,287.120,286.480,286.850,18469.96,1666933199999,5298148.45720,10845,9468.94,2716343.41240,0
1666933200000,286.850,287.490,286.350,287.390,23291.00,1666936799999,6682640.51820,12103,12025.74,3450864.90550,0
1666936800000,287.390,287.830,286.900,287.210,23479.18,1666940399999,6748142.64820,11943,12804.60,3680669.56160,0
1666940400000,287.210,287.530,285.660,286.060,58453.51,1666943999999,16750893.62120,22209,25808.62,7394630.86250,0
1666944000000,286.050,286.880,285.730,286.410,42260.56,1666947599999,12103249.02760,18344,24475.60,7010190.15650,0
1666947600000,286.410,286.940,285.920,286.870,35842.35,1666951199999,10266423.90070,15056,18189.96,5210783.78770,0
1666951200000,286.880,287.380,286.240,287.010,41718.41,1666954799999,11965048.51970,16076,17322.25,4969697.50700,0
1666954800000,287.010,287.620,285.700,287.550,51946.67,1666958399999,14902763.51220,20180,24917.24,7148773.24430,0
1666958400000,287.550,289.480,286.520,289.390,105337.54,1666961999999,30367396.19576,42470,56465.39,16280111.48476,0
1666962000000,289.390,294.500,289.210,292.470,187053.06,1666965599999,54694533.87973,69786,101991.66,29821694.21573,0
1666965600000,292.470,294.850,291.050,293.900,134415.26,1666969199999,39393082.87490,48180,70214.75,20582572.00120,0
1666969200000,293.890,296.870,293.400,296.810,148656.37,1666972799999,43830774.25150,55814,82818.09,24422494.99910,0
1666972800000,296.820,299.500,296.290,297.970,232583.95,1666976399999,69310304.60257,77242,127679.95,38047471.31127,0
1666976400000,297.980,300.900,297.040,298.580,164634.05,1666979999999,49260783.80020,52491,94128.61,28175010.88890,0
1666980000000,298.580,299.300,297.690,298.600,62480.87,1666983599999,18646791.70380,26840,28748.28,8580380.96410,0
1666983600000,298.600,299.400,297.310,299.080,48925.80,1666987199999,14587746.00050,24568,25214.53,7519119.46520,0
1666987200000,299.090,301.080,299.010,299.230,82019.49,1666990799999,24594820.77060,29902,45285.65,13581553.23260,0
1666990800000,299.230,299.380,297.070,297.660,37986.57,1666994399999,11334682.24680,20287,15954.39,4760994.87570,0
1666994400000,297.670,298.860,297.640,298.630,28703.43,1666997999999,8556195.85520,15911,17515.87,5221347.92320,0
1666998000000,298.610,298.680,297.260,297.850,22820.62,1667001599999,6797027.82400,13453,11793.65,3512790.36530,0
1667001600000,297.850,298.420,295.470,297.090,64035.74,1667005199999,19005777.66390,26196,28260.86,8388991.23520,0
1667005200000,297.100,297.420,295.650,296.030,35369.86,1667008799999,10488289.30500,16602,16708.24,4953916.90970,0
1667008800000,296.020,298.120,295.700,297.990,48459.15,1667012399999,14379221.28530,19301,27729.12,8228963.82930,0
1667012400000,297.990,304.830,297.590,304.690,183815.48,1667015999999,55378994.50401,68466,104310.55,31432855.57481,0
1667016000000,304.680,306.300,302.690,303.160,120464.35,1667019599999,36632144.98920,47854,57262.49,17415948.91610,0
1667019600000,303.160,304.540,301.850,303.020,80862.69,1667023199999,24520565.55500,31917,39294.68,11917691.90760,0
1667023200000,303.010,304.620,301.830,301.880,51261.63,1667026799999,15541771.40940,23312,23086.64,7002310.37210,0
1667026800000,301.880,303.150,301.200,302.360,72336.56,1667030399999,21851732.87270,29151,38101.69,11511773.91710,0
1667030400000,302.370,307.140,302.020,306.620,149443.79,1667033999999,45535102.43844,55900,81575.34,24855997.01654,0
1667034000000,306.620,307.400,304.990,305.880,85069.57,1667037599999,26047707.12030,35375,40450.91,12386979.35840,0
1667037600000,305.880,307.350,301.850,302.790,127121.25,1667041199999,38691138.37214,49270,56977.91,17346296.71860,0
1667041200000,302.790,303.220,300.880,301.680,78424.06,1667044799999,23685641.48620,30636,34580.77,10444273.02770,0
1667044800000,301.680,302.440,301.150,301.720,56193.13,1667048399999,16963300.43110,22563,29910.74,9030408.00380,0
1667048400000,301.720,301.870,299.100,301.670,86298.65,1667051999999,25950421.00217,32967,42608.40,12815923.74670,0
1667052000000,301.670,303.270,299.570,300.160,103502.95,1667055599999,31173870.44704,41374,48349.58,14567680.54104,0
1667055600000,300.150,303.230,299.950,303.170,86134.34,1667059199999,25977633.98450,36206,46233.91,13944924.55530,0
1667059200000,303.160,307.360,302.790,305.030,159136.72,1667062799999,48576463.07124,65528,84693.95,25849114.14354,0
1667062800000,305.020,308.420,304.350,304.760,142944.49,1667066399999,43827043.53180,52223,67426.96,20676952.47700,0
1667066400000,304.730,306.690,303.100,304.390,91196.89,1667069999999,27794560.58380,39417,42974.16,13099838.92610,0
1667070000000,304.370,304.710,302.250,304.040,39441.70,1667073599999,11972245.68914,22824,18851.19,5723902.01070,0
1667073600000,304.030,304.580,302.600,302.940,44345.01,1667077199999,13460744.71150,20828,20366.83,6182305.10790,0
1667077200000,302.910,305.890,302.740,304.500,35695.68,1667080799999,10869658.91260,19764,20599.27,6271670.93810,0
1667080800000,304.490,304.650,301.690,302.600,39988.09,1667084399999,12116619.60810,20712,16559.19,5016985.10610,0
1667084400000,302.590,304.420,301.510,304.420,28133.46,1667087999999,8522070.95250,16286,15650.26,4741412.78450,0
1667088000000,304.410,304.750,302.140,302.200,29110.35,1667091599999,8838922.81640,18870,11950.85,3629163.57390,0
1667091600000,302.190,304.730,302.160,304.680,24867.49,1667095199999,7545186.21800,14881,12404.88,3763819.18420,0
1667095200000,304.690,304.830,303.270,303.960,23651.69,1667098799999,7191260.34050,14015,11185.93,3400888.27310,0
1667098800000,303.970,307.760,303.930,307.700,58788.40,1667102399999,17991594.72611,24837,32230.71,9866058.15211,0
1667102400000,307.700,308.800,304.940,305.450,91514.12,1667105999999,28081684.54730,34921,37339.64,11467468.42190,0
1667106000000,305.460,306.360,304.510,305.610,42869.60,1667109599999,13095202.11290,21365,21754.70,6646129.06660,0
1667109600000,305.610,307.410,304.810,307.380,59270.79,1667113199999,18149556.24550,25531,31982.16,9795800.24320,0
1667113200000,307.370,315.100,306.950,313.740,256638.74,1667116799999,80121407.52286,91174,136895.30,42724321.69726,0
1667116800000,313.730,319.300,311.590,312.730,280635.11,1667120399999,88500914.96880,88729,147567.86,46539725.41500,0
1667120400000,312.700,313.820,308.270,309.770,139297.67,1667123999999,43317014.25940,50461,66797.18,20776188.99060,0
1667124000000,309.770,311.900,309.570,310.830,73560.82,1667127599999,22847876.10430,28837,40890.56,12701431.69700,0
1667127600000,310.830,312.190,309.380,311.920,58751.38,1667131199999,18281244.23710,28010,29663.92,9232515.37910,0
1667131200000,311.920,312.550,308.120,309.980,68522.55,1667134799999,21251513.94610,30952,30563.50,9478922.26590,0
1667134800000,309.980,310.280,306.600,308.630,86103.62,1667138399999,26546754.77673,36874,39746.14,12256409.65610,0
1667138400000,308.610,311.150,308.040,311.030,61618.99,1667141999999,19089768.80570,28892,31148.77,9650957.66560,0
1667142000000,311.040,313.730,309.610,310.000,124420.96,1667145599999,38805705.61616,50533,58388.59,18214263.58226,0
1667145600000,310.000,316.000,309.310,314.310,172573.48,1667149199999,54037888.84720,66220,90751.32,28419101.39950,0
1667149200000,314.310,315.600,313.040,314.940,105125.20,1667152799999,33049073.24860,40493,52294.29,16442572.96570,0
1667152800000,314.940,317.640,314.170,315.000,114317.24,1667156399999,36097876.15710,43031,59714.61,18855805.67900,0
1667156400000,314.990,316.630,314.090,315.090,53357.72,1667159999999,16823737.00520,27033,26053.99,8216181.60300,0
1667160000000,315.100,315.390,313.890,314.130,33344.44,1667163599999,10489157.98200,18648,16161.97,5084433.92180,0
1667163600000,314.130,314.780,311.790,312.870,41538.02,1667167199999,13009302.21420,20456,19119.78,5990476.37610,0
1667167200000,312.870,313.030,309.930,312.270,75435.98,1667170799999,23477602.52860,32081,37887.14,11793469.71890,0
1667170800000,312.270,313.900,311.690,313.420,44440.77,1667174399999,13900018.25380,20817,25024.05,7827603.95290,0
1667174400000,313.420,315.000,311.080,311.330,64744.77,1667177999999,20281960.84650,30313,29091.15,9115592.40100,0
1667178000000,311.350,312.490,309.510,310.420,68604.06,1667181599999,21342801.28580,28293,32196.59,10017947.23450,0
1667181600000,310.400,310.700,306.410,309.620,90556.57,1667185199999,27938445.78084,40056,45052.06,13901611.98620,0
1667185200000,309.630,311.810,309.030,311.600,47443.35,1667188799999,14729153.54260,22008,25396.43,7884987.96990,0
1667188800000,311.580,311.760,310.280,310.620,42611.56,1667192399999,13251331.47650,19437,18210.30,5663656.85170,0
1667192400000,310.620,311.770,310.170,310.460,34879.16,1667195999999,10847789.07130,16930,16518.08,5138320.26530,0
1667196000000,310.460,310.500,307.460,309.280,71291.14,1667199599999,22013030.84590,32042,33785.10,10429488.98810,0
1667199600000,309.290,310.340,308.240,310.170,29655.59,1667203199999,9171894.06930,16863,15421.70,4770395.51310,0
1667203200000,310.170,310.880,308.000,310.720,67941.89,1667206799999,21048364.50600,27211,31209.59,9669231.36590,0
1667206800000,310.710,330.800,310.280,327.670,854798.14,1667210399999,276022708.55257,273568,444701.33,143552265.21657,0
1667210400000,327.670,330.620,323.830,327.440,391449.31,1667213999999,128017050.45990,124991,191998.60,62806746.76360,0
1667214000000,327.440,331.940,327.200,330.700,294229.05,1667217599999,96958231.89280,100990,152332.58,50212738.50840,0
1667217600000,330.690,337.880,330.510,332.610,575309.56,1667221199999,192328241.51955,182325,300126.93,100341026.52395,0
1667221200000,332.610,334.260,325.220,325.640,379946.95,1667224799999,125679875.39652,116845,171765.53,56850740.57200,0
1667224800000,325.730,329.750,322.560,323.560,444397.70,1667228399999,144917365.38340,142850,228142.38,74429220.02880,0
1667228400000,323.550,325.960,321.930,323.600,195411.36,1667231999999,63294783.16700,73974,100124.53,32436581.23460,0
1667232000000,323.590,327.470,322.080,327.230,196594.02,1667235599999,63913518.68310,74513,102679.13,33384241.81250,0
1667235600000,327.240,327.540,325.110,326.210,96673.09,1667239199999,31550037.95510,42785,45646.47,14899980.97840,0
1667239200000,326.210,328.580,325.860,327.790,66448.18,1667242799999,21756688.13980,35107,33544.07,10984395.04290,0
1667242800000,327.800,329.940,326.460,327.620,75286.21,1667246399999,24694264.11010,38759,35791.38,11740571.04140,0
1667246400000,327.630,328.590,326.450,327.130,50836.20,1667249999999,16648003.86830,27637,23918.70,7834708.17100,0
1667250000000,327.130,327.840,325.210,326.390,48704.23,1667253599999,15896326.66600,29950,23328.28,7614905.95790,0
1667253600000,326.390,328.620,326.070,328.230,57016.47,1667257199999,18676143.29060,28475,30088.43,9857454.60900,0
1667257200000,328.230,328.900,325.420,325.590,53642.82,1667260799999,17562619.03250,26144,26580.72,8705930.00610,0
